NAME,DATE,TMAX,TMIN,MONTH
"YEOVILTON, UK",2023-04-01,53.0,49.0,4
"YEOVILTON, UK",2023-04-02,55.0,44.0,4
"YEOVILTON, UK",2023-04-03,56.0,31.0,4
"YEOVILTON, UK",2023-04-04,52.0,29.0,4
"YEOVILTON, UK",2023-04-05,57.0,38.0,4
"YEOVILTON, UK",2023-04-06,61.0,47.0,4
"YEOVILTON, UK",2023-04-07,59.0,30.0,4
"YEOVILTON, UK",2023-04-08,60.0,33.0,4
"YEOVILTON, UK",2023-04-09,59.0,42.0,4
"YEOVILTON, UK",2023-04-10,54.0,50.0,4
"YEOVILTON, UK",2023-04-11,51.0,42.0,4
"YEOVILTON, UK",2023-04-12,56.0,37.0,4
"YEOVILTON, UK",2023-04-13,49.0,40.0,4
"YEOVILTON, UK",2023-04-14,59.0,39.0,4
"YEOVILTON, UK",2023-04-15,55.0,36.0,4
"YEOVILTON, UK",2023-04-16,59.0,44.0,4
"YEOVILTON, UK",2023-04-17,59.0,49.0,4
"YEOVILTON, UK",2023-04-18,61.0,40.0,4
"YEOVILTON, UK",2023-04-19,60.0,41.0,4
"YEOVILTON, UK",2023-04-20,51.0,36.0,4
"YEOVILTON, UK",2023-04-21,56.0,40.0,4
"YEOVILTON, UK",2023-04-22,56.0,29.0,4
"YEOVILTON, UK",2023-04-23,56.0,41.0,4
"YEOVILTON, UK",2023-04-24,54.0,38.0,4
"YEOVILTON, UK",2023-04-25,55.0,36.0,4
"YEOVILTON, UK",2023-04-26,56.0,41.0,4
"YEOVILTON, UK",2023-04-27,63.0,47.0,4
"YEOVILTON, UK",2023-04-28,62.0,51.0,4
"YEOVILTON, UK",2023-04-29,58.0,48.0,4
"YEOVILTON, UK",2023-04-30,63.0,41.0,4
"MANSTON, ENG UK",2023-04-01,52.0,,4
"MANSTON, ENG UK",2023-04-02,48.0,42.0,4
"MANSTON, ENG UK",2023-04-03,49.0,37.0,4
"MANSTON, ENG UK",2023-04-04,48.0,34.0,4
"MANSTON, ENG UK",2023-04-05,54.0,34.0,4
"MANSTON, ENG UK",2023-04-06,57.0,45.0,4
"MANSTON, ENG UK",2023-04-07,55.0,,4
"MANSTON, ENG UK",2023-04-08,50.0,38.0,4
"MANSTON, ENG UK",2023-04-09,53.0,40.0,4
"MANSTON, ENG UK",2023-04-10,58.0,,4
"MANSTON, ENG UK",2023-04-11,57.0,42.0,4
"MANSTON, ENG UK",2023-04-12,52.0,42.0,4
"MANSTON, ENG UK",2023-04-13,56.0,,4
"MANSTON, ENG UK",2023-04-14,52.0,38.0,4
"MANSTON, ENG UK",2023-04-15,55.0,,4
"MANSTON, ENG UK",2023-04-16,55.0,39.0,4
"MANSTON, ENG UK",2023-04-17,50.0,43.0,4
"MANSTON, ENG UK",2023-04-18,51.0,44.0,4
"MANSTON, ENG UK",2023-04-19,55.0,47.0,4
"MANSTON, ENG UK",2023-04-20,52.0,44.0,4
"MANSTON, ENG UK",2023-04-21,51.0,,4
"MANSTON, ENG UK",2023-04-22,57.0,40.0,4
"MANSTON, ENG UK",2023-04-23,53.0,46.0,4
"MANSTON, ENG UK",2023-04-24,53.0,,4
"MANSTON, ENG UK",2023-04-25,50.0,37.0,4
"MANSTON, ENG UK",2023-04-26,51.0,36.0,4
"MANSTON, ENG UK",2023-04-27,55.0,44.0,4
"MANSTON, ENG UK",2023-04-28,63.0,49.0,4
"MANSTON, ENG UK",2023-04-29,56.0,,4
"MANSTON, ENG UK",2023-04-30,60.0,43.0,4
"TIREE, UK",2023-04-01,53.0,46.0,4
"TIREE, UK",2023-04-02,50.0,40.0,4
"TIREE, UK",2023-04-03,51.0,45.0,4
"TIREE, UK",2023-04-04,53.0,45.0,4
"TIREE, UK",2023-04-05,51.0,46.0,4
"TIREE, UK",2023-04-06,51.0,42.0,4
"TIREE, UK",2023-04-07,53.0,35.0,4
"TIREE, UK",2023-04-08,51.0,46.0,4
"TIREE, UK",2023-04-09,51.0,48.0,4
"TIREE, UK",2023-04-10,50.0,44.0,4
"TIREE, UK",2023-04-11,48.0,40.0,4
"TIREE, UK",2023-04-12,49.0,39.0,4
"TIREE, UK",2023-04-13,51.0,38.0,4
"TIREE, UK",2023-04-14,52.0,36.0,4
"TIREE, UK",2023-04-15,51.0,36.0,4
"TIREE, UK",2023-04-16,55.0,46.0,4
"TIREE, UK",2023-04-17,58.0,48.0,4
"TIREE, UK",2023-04-18,60.0,50.0,4
"TIREE, UK",2023-04-19,60.0,44.0,4
"TIREE, UK",2023-04-20,59.0,41.0,4
"TIREE, UK",2023-04-21,56.0,39.0,4
"TIREE, UK",2023-04-22,53.0,42.0,4
"TIREE, UK",2023-04-23,49.0,40.0,4
"TIREE, UK",2023-04-24,47.0,39.0,4
"TIREE, UK",2023-04-25,49.0,33.0,4
"TIREE, UK",2023-04-26,50.0,34.0,4
"TIREE, UK",2023-04-27,52.0,43.0,4
"TIREE, UK",2023-04-28,54.0,46.0,4
"TIREE, UK",2023-04-29,55.0,46.0,4
"TIREE, UK",2023-04-30,52.0,48.0,4
"PRESTON MOOR PARK, UK",2023-04-01,54.0,43.0,4
"PRESTON MOOR PARK, UK",2023-04-02,55.0,44.0,4
"PRESTON MOOR PARK, UK",2023-04-03,56.0,33.0,4
"PRESTON MOOR PARK, UK",2023-04-04,51.0,35.0,4
"PRESTON MOOR PARK, UK",2023-04-05,53.0,42.0,4
"PRESTON MOOR PARK, UK",2023-04-06,57.0,46.0,4
"PRESTON MOOR PARK, UK",2023-04-07,61.0,33.0,4
"PRESTON MOOR PARK, UK",2023-04-08,57.0,38.0,4
"PRESTON MOOR PARK, UK",2023-04-09,54.0,41.0,4
"PRESTON MOOR PARK, UK",2023-04-10,53.0,49.0,4
"PRESTON MOOR PARK, UK",2023-04-11,46.0,44.0,4
"PRESTON MOOR PARK, UK",2023-04-12,52.0,38.0,4
"PRESTON MOOR PARK, UK",2023-04-13,49.0,41.0,4
"PRESTON MOOR PARK, UK",2023-04-14,59.0,37.0,4
"PRESTON MOOR PARK, UK",2023-04-15,54.0,31.0,4
"PRESTON MOOR PARK, UK",2023-04-16,61.0,48.0,4
"PRESTON MOOR PARK, UK",2023-04-17,60.0,47.0,4
"PRESTON MOOR PARK, UK",2023-04-18,60.0,42.0,4
"PRESTON MOOR PARK, UK",2023-04-19,60.0,42.0,4
"PRESTON MOOR PARK, UK",2023-04-20,59.0,38.0,4
"PRESTON MOOR PARK, UK",2023-04-21,58.0,42.0,4
"PRESTON MOOR PARK, UK",2023-04-22,55.0,46.0,4
"PRESTON MOOR PARK, UK",2023-04-23,51.0,45.0,4
"PRESTON MOOR PARK, UK",2023-04-24,53.0,40.0,4
"PRESTON MOOR PARK, UK",2023-04-25,57.0,30.0,4
"PRESTON MOOR PARK, UK",2023-04-26,56.0,38.0,4
"PRESTON MOOR PARK, UK",2023-04-27,56.0,40.0,4
"PRESTON MOOR PARK, UK",2023-04-28,64.0,45.0,4
"PRESTON MOOR PARK, UK",2023-04-29,59.0,43.0,4
"PRESTON MOOR PARK, UK",2023-04-30,59.0,51.0,4
"WRITTLE, UK",2023-04-01,52.0,45.0,4
"WRITTLE, UK",2023-04-02,50.0,43.0,4
"WRITTLE, UK",2023-04-03,52.0,32.0,4
"WRITTLE, UK",2023-04-04,56.0,27.0,4
"WRITTLE, UK",2023-04-05,58.0,28.0,4
"WRITTLE, UK",2023-04-06,57.0,44.0,4
"WRITTLE, UK",2023-04-07,56.0,38.0,4
"WRITTLE, UK",2023-04-08,60.0,31.0,4
"WRITTLE, UK",2023-04-09,60.0,43.0,4
"WRITTLE, UK",2023-04-10,59.0,48.0,4
"WRITTLE, UK",2023-04-11,54.0,41.0,4
"WRITTLE, UK",2023-04-12,57.0,40.0,4
"WRITTLE, UK",2023-04-13,52.0,40.0,4
"WRITTLE, UK",2023-04-14,60.0,33.0,4
"WRITTLE, UK",2023-04-15,61.0,44.0,4
"WRITTLE, UK",2023-04-16,58.0,36.0,4
"WRITTLE, UK",2023-04-17,51.0,45.0,4
"WRITTLE, UK",2023-04-18,59.0,43.0,4
"WRITTLE, UK",2023-04-19,58.0,42.0,4
"WRITTLE, UK",2023-04-20,53.0,40.0,4
"WRITTLE, UK",2023-04-21,57.0,42.0,4
"WRITTLE, UK",2023-04-22,54.0,34.0,4
"WRITTLE, UK",2023-04-23,54.0,45.0,4
"WRITTLE, UK",2023-04-24,53.0,44.0,4
"WRITTLE, UK",2023-04-25,52.0,34.0,4
"WRITTLE, UK",2023-04-26,58.0,36.0,4
"WRITTLE, UK",2023-04-27,62.0,35.0,4
"WRITTLE, UK",2023-04-28,60.0,47.0,4
"WRITTLE, UK",2023-04-29,63.0,37.0,4
"WRITTLE, UK",2023-04-30,64.0,36.0,4
"GOGERDDAN, UK",2023-04-01,53.0,48.0,4
"GOGERDDAN, UK",2023-04-02,56.0,36.0,4
"GOGERDDAN, UK",2023-04-03,56.0,35.0,4
"GOGERDDAN, UK",2023-04-04,52.0,31.0,4
"GOGERDDAN, UK",2023-04-05,53.0,43.0,4
"GOGERDDAN, UK",2023-04-06,58.0,46.0,4
"GOGERDDAN, UK",2023-04-07,61.0,33.0,4
"GOGERDDAN, UK",2023-04-08,60.0,37.0,4
"GOGERDDAN, UK",2023-04-09,53.0,44.0,4
"GOGERDDAN, UK",2023-04-10,52.0,49.0,4
"GOGERDDAN, UK",2023-04-11,48.0,44.0,4
"GOGERDDAN, UK",2023-04-12,52.0,39.0,4
"GOGERDDAN, UK",2023-04-13,51.0,40.0,4
"GOGERDDAN, UK",2023-04-14,55.0,40.0,4
"GOGERDDAN, UK",2023-04-15,58.0,34.0,4
"GOGERDDAN, UK",2023-04-16,58.0,46.0,4
"GOGERDDAN, UK",2023-04-17,61.0,48.0,4
"GOGERDDAN, UK",2023-04-18,59.0,41.0,4
"GOGERDDAN, UK",2023-04-19,60.0,44.0,4
"GOGERDDAN, UK",2023-04-20,55.0,40.0,4
"GOGERDDAN, UK",2023-04-21,54.0,42.0,4
"GOGERDDAN, UK",2023-04-22,54.0,33.0,4
"GOGERDDAN, UK",2023-04-23,51.0,44.0,4
"GOGERDDAN, UK",2023-04-24,54.0,41.0,4
"GOGERDDAN, UK",2023-04-25,61.0,30.0,4
"GOGERDDAN, UK",2023-04-26,57.0,41.0,4
"GOGERDDAN, UK",2023-04-27,58.0,47.0,4
"GOGERDDAN, UK",2023-04-28,65.0,50.0,4
"GOGERDDAN, UK",2023-04-29,60.0,42.0,4
"GOGERDDAN, UK",2023-04-30,60.0,50.0,4
"ROTHAMSTED, UK",2023-04-01,50.0,44.0,4
"ROTHAMSTED, UK",2023-04-02,52.0,41.0,4
"ROTHAMSTED, UK",2023-04-03,56.0,32.0,4
"ROTHAMSTED, UK",2023-04-04,56.0,29.0,4
"ROTHAMSTED, UK",2023-04-05,56.0,33.0,4
"ROTHAMSTED, UK",2023-04-06,57.0,45.0,4
"ROTHAMSTED, UK",2023-04-07,57.0,40.0,4
"ROTHAMSTED, UK",2023-04-08,60.0,33.0,4
"ROTHAMSTED, UK",2023-04-09,58.0,42.0,4
"ROTHAMSTED, UK",2023-04-10,54.0,48.0,4
"ROTHAMSTED, UK",2023-04-11,51.0,40.0,4
"ROTHAMSTED, UK",2023-04-12,55.0,37.0,4
"ROTHAMSTED, UK",2023-04-13,50.0,35.0,4
"ROTHAMSTED, UK",2023-04-14,57.0,35.0,4
"ROTHAMSTED, UK",2023-04-15,58.0,42.0,4
"ROTHAMSTED, UK",2023-04-16,60.0,41.0,4
"ROTHAMSTED, UK",2023-04-17,54.0,47.0,4
"ROTHAMSTED, UK",2023-04-18,59.0,43.0,4
"ROTHAMSTED, UK",2023-04-19,57.0,42.0,4
"ROTHAMSTED, UK",2023-04-20,52.0,38.0,4
"ROTHAMSTED, UK",2023-04-21,56.0,42.0,4
"ROTHAMSTED, UK",2023-04-22,57.0,33.0,4
"ROTHAMSTED, UK",2023-04-23,51.0,43.0,4
"ROTHAMSTED, UK",2023-04-24,51.0,43.0,4
"ROTHAMSTED, UK",2023-04-25,51.0,33.0,4
"ROTHAMSTED, UK",2023-04-26,57.0,35.0,4
"ROTHAMSTED, UK",2023-04-27,61.0,36.0,4
"ROTHAMSTED, UK",2023-04-28,64.0,46.0,4
"ROTHAMSTED, UK",2023-04-29,62.0,38.0,4
"ROTHAMSTED, UK",2023-04-30,63.0,42.0,4
"ALDERGROVE, UK",2023-04-01,51.0,44.0,4
"ALDERGROVE, UK",2023-04-02,52.0,42.0,4
"ALDERGROVE, UK",2023-04-03,51.0,43.0,4
"ALDERGROVE, UK",2023-04-04,56.0,,4
"ALDERGROVE, UK",2023-04-05,56.0,,4
"ALDERGROVE, UK",2023-04-06,55.0,,4
"ALDERGROVE, UK",2023-04-07,56.0,,4
"ALDERGROVE, UK",2023-04-08,58.0,,4
"ALDERGROVE, UK",2023-04-09,54.0,,4
"ALDERGROVE, UK",2023-04-10,52.0,,4
"ALDERGROVE, UK",2023-04-11,48.0,,4
"ALDERGROVE, UK",2023-04-12,47.0,,4
"ALDERGROVE, UK",2023-04-13,51.0,,4
"ALDERGROVE, UK",2023-04-14,51.0,,4
"ALDERGROVE, UK",2023-04-15,56.0,,4
"ALDERGROVE, UK",2023-04-16,62.0,45.0,4
"ALDERGROVE, UK",2023-04-17,61.0,,4
"ALDERGROVE, UK",2023-04-18,59.0,,4
"ALDERGROVE, UK",2023-04-19,57.0,,4
"ALDERGROVE, UK",2023-04-20,58.0,,4
"ALDERGROVE, UK",2023-04-21,61.0,,4
"ALDERGROVE, UK",2023-04-22,57.0,,4
"ALDERGROVE, UK",2023-04-23,56.0,,4
"ALDERGROVE, UK",2023-04-24,51.0,,4
"ALDERGROVE, UK",2023-04-25,50.0,,4
"ALDERGROVE, UK",2023-04-26,53.0,,4
"ALDERGROVE, UK",2023-04-27,54.0,,4
"ALDERGROVE, UK",2023-04-28,62.0,,4
"ALDERGROVE, UK",2023-04-29,61.0,,4
"ALDERGROVE, UK",2023-04-30,62.0,,4
"ABERPORTH, UK",2023-04-01,51.0,47.0,4
"ABERPORTH, UK",2023-04-02,54.0,45.0,4
"ABERPORTH, UK",2023-04-03,52.0,37.0,4
"ABERPORTH, UK",2023-04-04,52.0,37.0,4
"ABERPORTH, UK",2023-04-05,50.0,43.0,4
"ABERPORTH, UK",2023-04-06,54.0,46.0,4
"ABERPORTH, UK",2023-04-07,58.0,38.0,4
"ABERPORTH, UK",2023-04-08,56.0,41.0,4
"ABERPORTH, UK",2023-04-09,52.0,44.0,4
"ABERPORTH, UK",2023-04-10,49.0,48.0,4
"ABERPORTH, UK",2023-04-11,46.0,40.0,4
"ABERPORTH, UK",2023-04-12,51.0,38.0,4
"ABERPORTH, UK",2023-04-13,49.0,41.0,4
"ABERPORTH, UK",2023-04-14,51.0,39.0,4
"ABERPORTH, UK",2023-04-15,59.0,44.0,4
"ABERPORTH, UK",2023-04-16,54.0,47.0,4
"ABERPORTH, UK",2023-04-17,58.0,50.0,4
"ABERPORTH, UK",2023-04-18,59.0,44.0,4
"ABERPORTH, UK",2023-04-19,58.0,43.0,4
"ABERPORTH, UK",2023-04-20,50.0,40.0,4
"ABERPORTH, UK",2023-04-21,51.0,43.0,4
"ABERPORTH, UK",2023-04-22,51.0,35.0,4
"ABERPORTH, UK",2023-04-23,48.0,42.0,4
"ABERPORTH, UK",2023-04-24,51.0,43.0,4
"ABERPORTH, UK",2023-04-25,54.0,35.0,4
"ABERPORTH, UK",2023-04-26,54.0,43.0,4
"ABERPORTH, UK",2023-04-27,56.0,45.0,4
"ABERPORTH, UK",2023-04-28,63.0,49.0,4
"ABERPORTH, UK",2023-04-29,60.0,46.0,4
"ABERPORTH, UK",2023-04-30,56.0,50.0,4
"LYNEHAM, UK",2023-04-01,51.0,47.0,4
"LYNEHAM, UK",2023-04-02,53.0,43.0,4
"LYNEHAM, UK",2023-04-03,56.0,31.0,4
"LYNEHAM, UK",2023-04-04,52.0,29.0,4
"LYNEHAM, UK",2023-04-05,55.0,40.0,4
"LYNEHAM, UK",2023-04-06,57.0,44.0,4
"LYNEHAM, UK",2023-04-07,58.0,34.0,4
"LYNEHAM, UK",2023-04-08,59.0,36.0,4
"LYNEHAM, UK",2023-04-09,56.0,39.0,4
"LYNEHAM, UK",2023-04-10,53.0,46.0,4
"LYNEHAM, UK",2023-04-11,48.0,40.0,4
"LYNEHAM, UK",2023-04-12,52.0,35.0,4
"LYNEHAM, UK",2023-04-13,47.0,40.0,4
"LYNEHAM, UK",2023-04-14,56.0,38.0,4
"LYNEHAM, UK",2023-04-15,55.0,37.0,4
"LYNEHAM, UK",2023-04-16,58.0,46.0,4
"LYNEHAM, UK",2023-04-17,58.0,48.0,4
"LYNEHAM, UK",2023-04-18,58.0,41.0,4
"LYNEHAM, UK",2023-04-19,58.0,43.0,4
"LYNEHAM, UK",2023-04-20,47.0,35.0,4
"LYNEHAM, UK",2023-04-21,55.0,40.0,4
"LYNEHAM, UK",2023-04-22,56.0,32.0,4
"LYNEHAM, UK",2023-04-23,50.0,42.0,4
"LYNEHAM, UK",2023-04-24,51.0,39.0,4
"LYNEHAM, UK",2023-04-25,51.0,34.0,4
"LYNEHAM, UK",2023-04-26,54.0,39.0,4
"LYNEHAM, UK",2023-04-27,64.0,40.0,4
"LYNEHAM, UK",2023-04-28,65.0,48.0,4
"LYNEHAM, UK",2023-04-29,56.0,43.0,4
"LYNEHAM, UK",2023-04-30,63.0,43.0,4
"BUXTON, UK",2023-04-01,48.0,39.0,4
"BUXTON, UK",2023-04-02,49.0,39.0,4
"BUXTON, UK",2023-04-03,54.0,29.0,4
"BUXTON, UK",2023-04-04,47.0,28.0,4
"BUXTON, UK",2023-04-05,49.0,40.0,4
"BUXTON, UK",2023-04-06,54.0,43.0,4
"BUXTON, UK",2023-04-07,55.0,34.0,4
"BUXTON, UK",2023-04-08,54.0,30.0,4
"BUXTON, UK",2023-04-09,51.0,36.0,4
"BUXTON, UK",2023-04-10,50.0,41.0,4
"BUXTON, UK",2023-04-11,42.0,38.0,4
"BUXTON, UK",2023-04-12,47.0,35.0,4
"BUXTON, UK",2023-04-13,,36.0,4
"BUXTON, UK",2023-04-14,52.0,31.0,4
"BUXTON, UK",2023-04-15,50.0,33.0,4
"BUXTON, UK",2023-04-16,54.0,42.0,4
"BUXTON, UK",2023-04-17,54.0,45.0,4
"BUXTON, UK",2023-04-18,54.0,39.0,4
"BUXTON, UK",2023-04-19,53.0,40.0,4
"BUXTON, UK",2023-04-20,49.0,37.0,4
"BUXTON, UK",2023-04-21,52.0,41.0,4
"BUXTON, UK",2023-04-22,50.0,42.0,4
"BUXTON, UK",2023-04-23,46.0,43.0,4
"BUXTON, UK",2023-04-24,49.0,37.0,4
"BUXTON, UK",2023-04-25,49.0,29.0,4
"BUXTON, UK",2023-04-26,49.0,35.0,4
"BUXTON, UK",2023-04-27,53.0,34.0,4
"BUXTON, UK",2023-04-28,61.0,42.0,4
"BUXTON, UK",2023-04-29,55.0,43.0,4
"BUXTON, UK",2023-04-30,54.0,49.0,4
"ARMAGH, UK",2023-04-01,54.0,45.0,4
"ARMAGH, UK",2023-04-02,53.0,41.0,4
"ARMAGH, UK",2023-04-03,57.0,42.0,4
"ARMAGH, UK",2023-04-04,58.0,43.0,4
"ARMAGH, UK",2023-04-05,58.0,47.0,4
"ARMAGH, UK",2023-04-06,58.0,42.0,4
"ARMAGH, UK",2023-04-07,57.0,33.0,4
"ARMAGH, UK",2023-04-08,54.0,42.0,4
"ARMAGH, UK",2023-04-09,53.0,47.0,4
"ARMAGH, UK",2023-04-10,48.0,45.0,4
"ARMAGH, UK",2023-04-11,48.0,36.0,4
"ARMAGH, UK",2023-04-12,54.0,34.0,4
"ARMAGH, UK",2023-04-13,55.0,39.0,4
"ARMAGH, UK",2023-04-14,56.0,31.0,4
"ARMAGH, UK",2023-04-15,64.0,34.0,4
"ARMAGH, UK",2023-04-16,65.0,45.0,4
"ARMAGH, UK",2023-04-17,59.0,43.0,4
"ARMAGH, UK",2023-04-18,58.0,49.0,4
"ARMAGH, UK",2023-04-19,59.0,40.0,4
"ARMAGH, UK",2023-04-20,65.0,40.0,4
"ARMAGH, UK",2023-04-21,48.0,38.0,4
"ARMAGH, UK",2023-04-22,58.0,44.0,4
"ARMAGH, UK",2023-04-23,51.0,41.0,4
"ARMAGH, UK",2023-04-24,54.0,40.0,4
"ARMAGH, UK",2023-04-25,55.0,30.0,4
"ARMAGH, UK",2023-04-26,54.0,42.0,4
"ARMAGH, UK",2023-04-27,64.0,44.0,4
"ARMAGH, UK",2023-04-28,67.0,48.0,4
"ARMAGH, UK",2023-04-29,65.0,49.0,4
"ARMAGH, UK",2023-04-30,63.0,52.0,4
"SHEFFIELD, UK",2023-04-01,51.0,42.0,4
"SHEFFIELD, UK",2023-04-02,54.0,41.0,4
"SHEFFIELD, UK",2023-04-03,58.0,30.0,4
"SHEFFIELD, UK",2023-04-04,51.0,31.0,4
"SHEFFIELD, UK",2023-04-05,58.0,45.0,4
"SHEFFIELD, UK",2023-04-06,58.0,47.0,4
"SHEFFIELD, UK",2023-04-07,60.0,39.0,4
"SHEFFIELD, UK",2023-04-08,58.0,36.0,4
"SHEFFIELD, UK",2023-04-09,57.0,41.0,4
"SHEFFIELD, UK",2023-04-10,53.0,43.0,4
"SHEFFIELD, UK",2023-04-11,49.0,42.0,4
"SHEFFIELD, UK",2023-04-12,53.0,37.0,4
"SHEFFIELD, UK",2023-04-13,47.0,41.0,4
"SHEFFIELD, UK",2023-04-14,55.0,36.0,4
"SHEFFIELD, UK",2023-04-15,54.0,41.0,4
"SHEFFIELD, UK",2023-04-16,59.0,45.0,4
"SHEFFIELD, UK",2023-04-17,58.0,49.0,4
"SHEFFIELD, UK",2023-04-18,58.0,43.0,4
"SHEFFIELD, UK",2023-04-19,58.0,41.0,4
"SHEFFIELD, UK",2023-04-20,51.0,40.0,4
"SHEFFIELD, UK",2023-04-21,57.0,44.0,4
"SHEFFIELD, UK",2023-04-22,54.0,45.0,4
"SHEFFIELD, UK",2023-04-23,49.0,45.0,4
"SHEFFIELD, UK",2023-04-24,53.0,41.0,4
"SHEFFIELD, UK",2023-04-25,53.0,34.0,4
"SHEFFIELD, UK",2023-04-26,53.0,38.0,4
"SHEFFIELD, UK",2023-04-27,57.0,38.0,4
"SHEFFIELD, UK",2023-04-28,63.0,44.0,4
"SHEFFIELD, UK",2023-04-29,61.0,45.0,4
"SHEFFIELD, UK",2023-04-30,63.0,49.0,4
"CET CENTRAL ENGLAND, UK",2023-04-01,52.0,44.0,4
"CET CENTRAL ENGLAND, UK",2023-04-02,53.0,42.0,4
"CET CENTRAL ENGLAND, UK",2023-04-03,56.0,31.0,4
"CET CENTRAL ENGLAND, UK",2023-04-04,53.0,31.0,4
"CET CENTRAL ENGLAND, UK",2023-04-05,55.0,39.0,4
"CET CENTRAL ENGLAND, UK",2023-04-06,57.0,45.0,4
"CET CENTRAL ENGLAND, UK",2023-04-07,59.0,36.0,4
"CET CENTRAL ENGLAND, UK",2023-04-08,59.0,35.0,4
"CET CENTRAL ENGLAND, UK",2023-04-09,56.0,40.0,4
"CET CENTRAL ENGLAND, UK",2023-04-10,54.0,48.0,4
"CET CENTRAL ENGLAND, UK",2023-04-11,49.0,40.0,4
"CET CENTRAL ENGLAND, UK",2023-04-12,54.0,36.0,4
"CET CENTRAL ENGLAND, UK",2023-04-13,49.0,37.0,4
"CET CENTRAL ENGLAND, UK",2023-04-14,57.0,37.0,4
"CET CENTRAL ENGLAND, UK",2023-04-15,55.0,37.0,4
"CET CENTRAL ENGLAND, UK",2023-04-16,60.0,44.0,4
"CET CENTRAL ENGLAND, UK",2023-04-17,57.0,48.0,4
"CET CENTRAL ENGLAND, UK",2023-04-18,59.0,42.0,4
"CET CENTRAL ENGLAND, UK",2023-04-19,59.0,43.0,4
"CET CENTRAL ENGLAND, UK",2023-04-20,54.0,37.0,4
"CET CENTRAL ENGLAND, UK",2023-04-21,56.0,40.0,4
"CET CENTRAL ENGLAND, UK",2023-04-22,56.0,38.0,4
"CET CENTRAL ENGLAND, UK",2023-04-23,49.0,43.0,4
"CET CENTRAL ENGLAND, UK",2023-04-24,51.0,40.0,4
"CET CENTRAL ENGLAND, UK",2023-04-25,53.0,31.0,4
"CET CENTRAL ENGLAND, UK",2023-04-26,55.0,37.0,4
"CET CENTRAL ENGLAND, UK",2023-04-27,60.0,39.0,4
"CET CENTRAL ENGLAND, UK",2023-04-28,65.0,46.0,4
"CET CENTRAL ENGLAND, UK",2023-04-29,58.0,42.0,4
"CET CENTRAL ENGLAND, UK",2023-04-30,61.0,46.0,4
"BRADFORD, UK",2023-04-01,51.0,42.0,4
"BRADFORD, UK",2023-04-02,52.0,42.0,4
"BRADFORD, UK",2023-04-03,58.0,30.0,4
"BRADFORD, UK",2023-04-04,50.0,30.0,4
"BRADFORD, UK",2023-04-05,54.0,43.0,4
"BRADFORD, UK",2023-04-06,56.0,45.0,4
"BRADFORD, UK",2023-04-07,58.0,35.0,4
"BRADFORD, UK",2023-04-08,57.0,36.0,4
"BRADFORD, UK",2023-04-09,57.0,40.0,4
"BRADFORD, UK",2023-04-10,54.0,44.0,4
"BRADFORD, UK",2023-04-11,47.0,41.0,4
"BRADFORD, UK",2023-04-12,50.0,37.0,4
"BRADFORD, UK",2023-04-13,47.0,40.0,4
"BRADFORD, UK",2023-04-14,56.0,35.0,4
"BRADFORD, UK",2023-04-15,57.0,38.0,4
"BRADFORD, UK",2023-04-16,58.0,44.0,4
"BRADFORD, UK",2023-04-17,58.0,48.0,4
"BRADFORD, UK",2023-04-18,58.0,42.0,4
"BRADFORD, UK",2023-04-19,58.0,42.0,4
"BRADFORD, UK",2023-04-20,53.0,38.0,4
"BRADFORD, UK",2023-04-21,56.0,44.0,4
"BRADFORD, UK",2023-04-22,54.0,45.0,4
"BRADFORD, UK",2023-04-23,48.0,45.0,4
"BRADFORD, UK",2023-04-24,52.0,39.0,4
"BRADFORD, UK",2023-04-25,52.0,29.0,4
"BRADFORD, UK",2023-04-26,53.0,36.0,4
"BRADFORD, UK",2023-04-27,58.0,36.0,4
"BRADFORD, UK",2023-04-28,58.0,43.0,4
"BRADFORD, UK",2023-04-29,58.0,44.0,4
"BRADFORD, UK",2023-04-30,60.0,48.0,4
"SWANAGE, UK",2023-04-01,51.0,50.0,4
"SWANAGE, UK",2023-04-02,49.0,47.0,4
"SWANAGE, UK",2023-04-03,49.0,41.0,4
"SWANAGE, UK",2023-04-04,54.0,33.0,4
"SWANAGE, UK",2023-04-05,58.0,38.0,4
"SWANAGE, UK",2023-04-06,55.0,47.0,4
"SWANAGE, UK",2023-04-07,52.0,38.0,4
"SWANAGE, UK",2023-04-08,52.0,36.0,4
"SWANAGE, UK",2023-04-09,57.0,48.0,4
"SWANAGE, UK",2023-04-10,54.0,49.0,4
"SWANAGE, UK",2023-04-11,52.0,47.0,4
"SWANAGE, UK",2023-04-12,54.0,43.0,4
"SWANAGE, UK",2023-04-13,51.0,43.0,4
"SWANAGE, UK",2023-04-14,58.0,45.0,4
"SWANAGE, UK",2023-04-15,56.0,41.0,4
"SWANAGE, UK",2023-04-16,55.0,45.0,4
"SWANAGE, UK",2023-04-17,55.0,49.0,4
"SWANAGE, UK",2023-04-18,56.0,45.0,4
"SWANAGE, UK",2023-04-19,59.0,47.0,4
"SWANAGE, UK",2023-04-20,52.0,44.0,4
"SWANAGE, UK",2023-04-21,53.0,42.0,4
"SWANAGE, UK",2023-04-22,57.0,39.0,4
"SWANAGE, UK",2023-04-23,56.0,48.0,4
"SWANAGE, UK",2023-04-24,51.0,42.0,4
"SWANAGE, UK",2023-04-25,52.0,42.0,4
"SWANAGE, UK",2023-04-26,56.0,46.0,4
"SWANAGE, UK",2023-04-27,63.0,49.0,4
"SWANAGE, UK",2023-04-28,55.0,51.0,4
"SWANAGE, UK",2023-04-29,56.0,46.0,4
"SWANAGE, UK",2023-04-30,67.0,50.0,4
"DURHAM, UK",2023-04-01,51.0,40.0,4
"DURHAM, UK",2023-04-02,52.0,39.0,4
"DURHAM, UK",2023-04-03,55.0,29.0,4
"DURHAM, UK",2023-04-04,49.0,33.0,4
"DURHAM, UK",2023-04-05,55.0,41.0,4
"DURHAM, UK",2023-04-06,54.0,45.0,4
"DURHAM, UK",2023-04-07,57.0,36.0,4
"DURHAM, UK",2023-04-08,52.0,40.0,4
"DURHAM, UK",2023-04-09,56.0,40.0,4
"DURHAM, UK",2023-04-10,54.0,43.0,4
"DURHAM, UK",2023-04-11,47.0,42.0,4
"DURHAM, UK",2023-04-12,55.0,37.0,4
"DURHAM, UK",2023-04-13,52.0,35.0,4
"DURHAM, UK",2023-04-14,56.0,36.0,4
"DURHAM, UK",2023-04-15,58.0,40.0,4
"DURHAM, UK",2023-04-16,58.0,42.0,4
"DURHAM, UK",2023-04-17,56.0,49.0,4
"DURHAM, UK",2023-04-18,56.0,41.0,4
"DURHAM, UK",2023-04-19,57.0,40.0,4
"DURHAM, UK",2023-04-20,50.0,38.0,4
"DURHAM, UK",2023-04-21,50.0,44.0,4
"DURHAM, UK",2023-04-22,56.0,44.0,4
"DURHAM, UK",2023-04-23,50.0,37.0,4
"DURHAM, UK",2023-04-24,50.0,39.0,4
"DURHAM, UK",2023-04-25,53.0,31.0,4
"DURHAM, UK",2023-04-26,54.0,32.0,4
"DURHAM, UK",2023-04-27,56.0,33.0,4
"DURHAM, UK",2023-04-28,50.0,44.0,4
"DURHAM, UK",2023-04-29,59.0,44.0,4
"DURHAM, UK",2023-04-30,62.0,45.0,4
"WELLESBOURNE, UK",2023-04-01,53.0,46.0,4
"WELLESBOURNE, UK",2023-04-02,54.0,43.0,4
"WELLESBOURNE, UK",2023-04-03,57.0,29.0,4
"WELLESBOURNE, UK",2023-04-04,51.0,27.0,4
"WELLESBOURNE, UK",2023-04-05,56.0,40.0,4
"WELLESBOURNE, UK",2023-04-06,58.0,46.0,4
"WELLESBOURNE, UK",2023-04-07,60.0,34.0,4
"WELLESBOURNE, UK",2023-04-08,59.0,31.0,4
"WELLESBOURNE, UK",2023-04-09,58.0,37.0,4
"WELLESBOURNE, UK",2023-04-10,53.0,48.0,4
"WELLESBOURNE, UK",2023-04-11,50.0,41.0,4
"WELLESBOURNE, UK",2023-04-12,56.0,38.0,4
"WELLESBOURNE, UK",2023-04-13,51.0,41.0,4
"WELLESBOURNE, UK",2023-04-14,55.0,38.0,4
"WELLESBOURNE, UK",2023-04-15,56.0,37.0,4
"WELLESBOURNE, UK",2023-04-16,59.0,41.0,4
"WELLESBOURNE, UK",2023-04-17,58.0,49.0,4
"WELLESBOURNE, UK",2023-04-18,59.0,42.0,4
"WELLESBOURNE, UK",2023-04-19,58.0,45.0,4
"WELLESBOURNE, UK",2023-04-20,53.0,37.0,4
"WELLESBOURNE, UK",2023-04-21,57.0,41.0,4
"WELLESBOURNE, UK",2023-04-22,57.0,37.0,4
"WELLESBOURNE, UK",2023-04-23,51.0,43.0,4
"WELLESBOURNE, UK",2023-04-24,53.0,42.0,4
"WELLESBOURNE, UK",2023-04-25,54.0,30.0,4
"WELLESBOURNE, UK",2023-04-26,57.0,37.0,4
"WELLESBOURNE, UK",2023-04-27,63.0,38.0,4
"WELLESBOURNE, UK",2023-04-28,66.0,47.0,4
"WELLESBOURNE, UK",2023-04-29,59.0,44.0,4
"WELLESBOURNE, UK",2023-04-30,64.0,47.0,4
"NOTTINGHAM WATNALL, UK",2023-04-01,51.0,43.0,4
"NOTTINGHAM WATNALL, UK",2023-04-02,54.0,41.0,4
"NOTTINGHAM WATNALL, UK",2023-04-03,57.0,29.0,4
"NOTTINGHAM WATNALL, UK",2023-04-04,49.0,27.0,4
"NOTTINGHAM WATNALL, UK",2023-04-05,56.0,42.0,4
"NOTTINGHAM WATNALL, UK",2023-04-06,58.0,46.0,4
"NOTTINGHAM WATNALL, UK",2023-04-07,60.0,38.0,4
"NOTTINGHAM WATNALL, UK",2023-04-08,59.0,34.0,4
"NOTTINGHAM WATNALL, UK",2023-04-09,56.0,39.0,4
"NOTTINGHAM WATNALL, UK",2023-04-10,55.0,45.0,4
"NOTTINGHAM WATNALL, UK",2023-04-11,47.0,40.0,4
"NOTTINGHAM WATNALL, UK",2023-04-12,54.0,36.0,4
"NOTTINGHAM WATNALL, UK",2023-04-13,49.0,40.0,4
"NOTTINGHAM WATNALL, UK",2023-04-14,57.0,32.0,4
"NOTTINGHAM WATNALL, UK",2023-04-15,54.0,41.0,4
"NOTTINGHAM WATNALL, UK",2023-04-16,61.0,41.0,4
"NOTTINGHAM WATNALL, UK",2023-04-17,58.0,46.0,4
"NOTTINGHAM WATNALL, UK",2023-04-18,60.0,43.0,4
"NOTTINGHAM WATNALL, UK",2023-04-19,58.0,42.0,4
"NOTTINGHAM WATNALL, UK",2023-04-20,54.0,38.0,4
"NOTTINGHAM WATNALL, UK",2023-04-21,55.0,44.0,4
"NOTTINGHAM WATNALL, UK",2023-04-22,51.0,44.0,4
"NOTTINGHAM WATNALL, UK",2023-04-23,51.0,45.0,4
"NOTTINGHAM WATNALL, UK",2023-04-24,53.0,40.0,4
"NOTTINGHAM WATNALL, UK",2023-04-25,54.0,31.0,4
"NOTTINGHAM WATNALL, UK",2023-04-26,53.0,36.0,4
"NOTTINGHAM WATNALL, UK",2023-04-27,56.0,36.0,4
"NOTTINGHAM WATNALL, UK",2023-04-28,66.0,44.0,4
"NOTTINGHAM WATNALL, UK",2023-04-29,62.0,42.0,4
"NOTTINGHAM WATNALL, UK",2023-04-30,62.0,51.0,4
"LACOCK, UK",2023-04-03,,31.0,4
"LACOCK, UK",2023-04-04,,28.0,4
"LACOCK, UK",2023-04-05,,34.0,4
"LACOCK, UK",2023-04-06,,42.0,4
"LACOCK, UK",2023-04-09,57.0,,4
"LACOCK, UK",2023-04-10,53.0,,4
"LACOCK, UK",2023-04-11,48.0,40.0,4
"LACOCK, UK",2023-04-12,,38.0,4
"LACOCK, UK",2023-04-13,48.0,38.0,4
"LACOCK, UK",2023-04-14,58.0,,4
"LACOCK, UK",2023-04-15,56.0,29.0,4
"LACOCK, UK",2023-04-16,54.0,42.0,4
"LACOCK, UK",2023-04-17,55.0,38.0,4
"LACOCK, UK",2023-04-18,54.0,35.0,4
"LACOCK, UK",2023-04-19,59.0,36.0,4
"LACOCK, UK",2023-04-20,48.0,35.0,4
"LACOCK, UK",2023-04-21,55.0,39.0,4
"LACOCK, UK",2023-04-22,,32.0,4
"LACOCK, UK",2023-04-23,,32.0,4
"LACOCK, UK",2023-04-24,50.0,,4
"LACOCK, UK",2023-04-26,,40.0,4
"LACOCK, UK",2023-04-27,,,4
"LACOCK, UK",2023-04-30,59.0,36.0,4
"ESKDALEMUIR, UK",2023-04-01,52.0,38.0,4
"ESKDALEMUIR, UK",2023-04-02,51.0,39.0,4
"ESKDALEMUIR, UK",2023-04-03,52.0,26.0,4
"ESKDALEMUIR, UK",2023-04-04,49.0,25.0,4
"ESKDALEMUIR, UK",2023-04-05,54.0,41.0,4
"ESKDALEMUIR, UK",2023-04-06,55.0,42.0,4
"ESKDALEMUIR, UK",2023-04-07,58.0,27.0,4
"ESKDALEMUIR, UK",2023-04-08,53.0,34.0,4
"ESKDALEMUIR, UK",2023-04-09,53.0,33.0,4
"ESKDALEMUIR, UK",2023-04-10,50.0,45.0,4
"ESKDALEMUIR, UK",2023-04-11,46.0,37.0,4
"ESKDALEMUIR, UK",2023-04-12,51.0,35.0,4
"ESKDALEMUIR, UK",2023-04-13,52.0,31.0,4
"ESKDALEMUIR, UK",2023-04-14,55.0,33.0,4
"ESKDALEMUIR, UK",2023-04-15,52.0,29.0,4
"ESKDALEMUIR, UK",2023-04-16,58.0,40.0,4
"ESKDALEMUIR, UK",2023-04-17,58.0,46.0,4
"ESKDALEMUIR, UK",2023-04-18,57.0,34.0,4
"ESKDALEMUIR, UK",2023-04-19,56.0,37.0,4
"ESKDALEMUIR, UK",2023-04-20,58.0,37.0,4
"ESKDALEMUIR, UK",2023-04-21,47.0,39.0,4
"ESKDALEMUIR, UK",2023-04-22,52.0,42.0,4
"ESKDALEMUIR, UK",2023-04-23,48.0,39.0,4
"ESKDALEMUIR, UK",2023-04-24,50.0,34.0,4
"ESKDALEMUIR, UK",2023-04-25,50.0,22.0,4
"ESKDALEMUIR, UK",2023-04-26,52.0,27.0,4
"ESKDALEMUIR, UK",2023-04-27,56.0,31.0,4
"ESKDALEMUIR, UK",2023-04-28,47.0,43.0,4
"ESKDALEMUIR, UK",2023-04-29,54.0,41.0,4
"ESKDALEMUIR, UK",2023-04-30,61.0,42.0,4
"WIGHT ST CATHERINES POINT, UK",2023-04-01,50.0,48.0,4
"WIGHT ST CATHERINES POINT, UK",2023-04-02,50.0,45.0,4
"WIGHT ST CATHERINES POINT, UK",2023-04-03,51.0,37.0,4
"WIGHT ST CATHERINES POINT, UK",2023-04-04,51.0,39.0,4
"WIGHT ST CATHERINES POINT, UK",2023-04-05,53.0,39.0,4
"WIGHT ST CATHERINES POINT, UK",2023-04-06,54.0,47.0,4
"WIGHT ST CATHERINES POINT, UK",2023-04-07,54.0,42.0,4
"WIGHT ST CATHERINES POINT, UK",2023-04-08,54.0,43.0,4
"WIGHT ST CATHERINES POINT, UK",2023-04-09,52.0,46.0,4
"WIGHT ST CATHERINES POINT, UK",2023-04-10,51.0,47.0,4
"WIGHT ST CATHERINES POINT, UK",2023-04-11,49.0,48.0,4
"WIGHT ST CATHERINES POINT, UK",2023-04-12,51.0,44.0,4
"WIGHT ST CATHERINES POINT, UK",2023-04-13,47.0,43.0,4
"WIGHT ST CATHERINES POINT, UK",2023-04-14,56.0,45.0,4
"WIGHT ST CATHERINES POINT, UK",2023-04-15,53.0,41.0,4
"WIGHT ST CATHERINES POINT, UK",2023-04-16,54.0,47.0,4
"WIGHT ST CATHERINES POINT, UK",2023-04-17,56.0,46.0,4
"WIGHT ST CATHERINES POINT, UK",2023-04-18,57.0,41.0,4
"WIGHT ST CATHERINES POINT, UK",2023-04-19,60.0,45.0,4
"WIGHT ST CATHERINES POINT, UK",2023-04-20,53.0,43.0,4
"WIGHT ST CATHERINES POINT, UK",2023-04-21,56.0,42.0,4
"WIGHT ST CATHERINES POINT, UK",2023-04-22,54.0,43.0,4
"WIGHT ST CATHERINES POINT, UK",2023-04-23,54.0,48.0,4
"WIGHT ST CATHERINES POINT, UK",2023-04-24,51.0,43.0,4
"WIGHT ST CATHERINES POINT, UK",2023-04-25,52.0,38.0,4
"WIGHT ST CATHERINES POINT, UK",2023-04-26,53.0,44.0,4
"WIGHT ST CATHERINES POINT, UK",2023-04-27,57.0,48.0,4
"WIGHT ST CATHERINES POINT, UK",2023-04-28,55.0,50.0,4
"WIGHT ST CATHERINES POINT, UK",2023-04-29,56.0,49.0,4
"WIGHT ST CATHERINES POINT, UK",2023-04-30,60.0,45.0,4
"HEATHROW, UK",2023-04-01,,,4
"HEATHROW, UK",2023-04-02,53.0,,4
"HEATHROW, UK",2023-04-03,54.0,,4
"HEATHROW, UK",2023-04-04,59.0,33.0,4
"HEATHROW, UK",2023-04-05,58.0,,4
"HEATHROW, UK",2023-04-06,59.0,,4
"HEATHROW, UK",2023-04-07,61.0,,4
"HEATHROW, UK",2023-04-08,61.0,39.0,4
"HEATHROW, UK",2023-04-09,62.0,,4
"HEATHROW, UK",2023-04-10,61.0,,4
"HEATHROW, UK",2023-04-11,56.0,43.0,4
"HEATHROW, UK",2023-04-12,54.0,41.0,4
"HEATHROW, UK",2023-04-13,57.0,,4
"HEATHROW, UK",2023-04-14,52.0,38.0,4
"HEATHROW, UK",2023-04-15,61.0,44.0,4
"HEATHROW, UK",2023-04-16,61.0,46.0,4
"HEATHROW, UK",2023-04-17,63.0,,4
"HEATHROW, UK",2023-04-18,58.0,,4
"HEATHROW, UK",2023-04-19,62.0,,4
"HEATHROW, UK",2023-04-20,61.0,,4
"HEATHROW, UK",2023-04-21,53.0,,4
"HEATHROW, UK",2023-04-22,58.0,37.0,4
"HEATHROW, UK",2023-04-23,60.0,,4
"HEATHROW, UK",2023-04-24,55.0,42.0,4
"HEATHROW, UK",2023-04-25,54.0,,4
"HEATHROW, UK",2023-04-26,53.0,41.0,4
"HEATHROW, UK",2023-04-27,58.0,,4
"HEATHROW, UK",2023-04-28,65.0,49.0,4
"HEATHROW, UK",2023-04-29,66.0,43.0,4
"HEATHROW, UK",2023-04-30,64.0,,4
"MORPETH COCKLE PARK, UK",2023-04-01,47.0,39.0,4
"MORPETH COCKLE PARK, UK",2023-04-02,50.0,39.0,4
"MORPETH COCKLE PARK, UK",2023-04-03,57.0,30.0,4
"MORPETH COCKLE PARK, UK",2023-04-04,52.0,34.0,4
"MORPETH COCKLE PARK, UK",2023-04-05,53.0,40.0,4
"MORPETH COCKLE PARK, UK",2023-04-06,48.0,45.0,4
"MORPETH COCKLE PARK, UK",2023-04-07,53.0,37.0,4
"MORPETH COCKLE PARK, UK",2023-04-08,50.0,43.0,4
"MORPETH COCKLE PARK, UK",2023-04-09,54.0,38.0,4
"MORPETH COCKLE PARK, UK",2023-04-10,54.0,43.0,4
"MORPETH COCKLE PARK, UK",2023-04-11,48.0,41.0,4
"MORPETH COCKLE PARK, UK",2023-04-12,51.0,36.0,4
"MORPETH COCKLE PARK, UK",2023-04-13,52.0,35.0,4
"MORPETH COCKLE PARK, UK",2023-04-14,53.0,33.0,4
"MORPETH COCKLE PARK, UK",2023-04-15,57.0,40.0,4
"MORPETH COCKLE PARK, UK",2023-04-16,54.0,41.0,4
"MORPETH COCKLE PARK, UK",2023-04-17,50.0,47.0,4
"MORPETH COCKLE PARK, UK",2023-04-18,53.0,41.0,4
"MORPETH COCKLE PARK, UK",2023-04-19,54.0,39.0,4
"MORPETH COCKLE PARK, UK",2023-04-20,51.0,38.0,4
"MORPETH COCKLE PARK, UK",2023-04-21,50.0,42.0,4
"MORPETH COCKLE PARK, UK",2023-04-22,52.0,45.0,4
"MORPETH COCKLE PARK, UK",2023-04-23,47.0,39.0,4
"MORPETH COCKLE PARK, UK",2023-04-24,47.0,37.0,4
"MORPETH COCKLE PARK, UK",2023-04-25,49.0,31.0,4
"MORPETH COCKLE PARK, UK",2023-04-26,53.0,33.0,4
"MORPETH COCKLE PARK, UK",2023-04-27,54.0,35.0,4
"MORPETH COCKLE PARK, UK",2023-04-28,49.0,43.0,4
"MORPETH COCKLE PARK, UK",2023-04-29,57.0,44.0,4
"MORPETH COCKLE PARK, UK",2023-04-30,60.0,43.0,4
"LEEMING, UK",2023-04-01,48.0,,4
"LEEMING, UK",2023-04-02,51.0,,4
"LEEMING, UK",2023-04-03,53.0,,4
"LEEMING, UK",2023-04-04,56.0,,4
"LEEMING, UK",2023-04-05,53.0,41.0,4
"LEEMING, UK",2023-04-06,56.0,,4
"LEEMING, UK",2023-04-07,55.0,35.0,4
"LEEMING, UK",2023-04-08,58.0,36.0,4
"LEEMING, UK",2023-04-09,55.0,40.0,4
"LEEMING, UK",2023-04-10,58.0,,4
"LEEMING, UK",2023-04-11,54.0,40.0,4
"LEEMING, UK",2023-04-12,48.0,37.0,4
"LEEMING, UK",2023-04-13,53.0,39.0,4
"LEEMING, UK",2023-04-14,49.0,,4
"LEEMING, UK",2023-04-15,58.0,38.0,4
"LEEMING, UK",2023-04-16,59.0,43.0,4
"LEEMING, UK",2023-04-17,59.0,,4
"LEEMING, UK",2023-04-18,,40.0,4
"LEEMING, UK",2023-04-19,59.0,39.0,4
"LEEMING, UK",2023-04-20,57.0,36.0,4
"LEEMING, UK",2023-04-21,54.0,43.0,4
"LEEMING, UK",2023-04-22,,,4
"LEEMING, UK",2023-04-23,55.0,,4
"LEEMING, UK",2023-04-24,49.0,,4
"LEEMING, UK",2023-04-25,,31.0,4
"LEEMING, UK",2023-04-26,54.0,,4
"LEEMING, UK",2023-04-27,,33.0,4
"LEEMING, UK",2023-04-28,,44.0,4
"LEEMING, UK",2023-04-29,53.0,,4
"LEEMING, UK",2023-04-30,,45.0,4
"RINGWAY, UK",2023-04-01,,,4
"RINGWAY, UK",2023-04-02,,,4
"RINGWAY, UK",2023-04-03,,,4
"RINGWAY, UK",2023-04-04,,,4
"RINGWAY, UK",2023-04-05,,,4
"RINGWAY, UK",2023-04-06,,,4
"RINGWAY, UK",2023-04-07,,,4
"RINGWAY, UK",2023-04-08,,,4
"RINGWAY, UK",2023-04-09,,,4
"RINGWAY, UK",2023-04-10,,,4
"RINGWAY, UK",2023-04-11,,,4
"RINGWAY, UK",2023-04-12,,,4
"RINGWAY, UK",2023-04-13,,,4
"RINGWAY, UK",2023-04-14,,,4
"RINGWAY, UK",2023-04-15,,,4
"RINGWAY, UK",2023-04-16,,,4
"RINGWAY, UK",2023-04-17,,,4
"RINGWAY, UK",2023-04-18,,,4
"RINGWAY, UK",2023-04-19,,,4
"RINGWAY, UK",2023-04-20,,,4
"RINGWAY, UK",2023-04-21,,,4
"RINGWAY, UK",2023-04-22,,,4
"RINGWAY, UK",2023-04-23,,,4
"RINGWAY, UK",2023-04-24,,,4
"RINGWAY, UK",2023-04-25,,,4
"RINGWAY, UK",2023-04-26,,,4
"RINGWAY, UK",2023-04-27,,,4
"RINGWAY, UK",2023-04-28,,,4
"RINGWAY, UK",2023-04-29,,,4
"RINGWAY, UK",2023-04-30,,,4
"BOWHILL, UK",2023-04-01,51.0,39.0,4
"BOWHILL, UK",2023-04-02,54.0,40.0,4
"BOWHILL, UK",2023-04-03,52.0,27.0,4
"BOWHILL, UK",2023-04-04,52.0,29.0,4
"BOWHILL, UK",2023-04-05,52.0,42.0,4
"BOWHILL, UK",2023-04-06,54.0,45.0,4
"BOWHILL, UK",2023-04-07,57.0,34.0,4
"BOWHILL, UK",2023-04-08,,35.0,4
"BOWHILL, UK",2023-04-09,54.0,34.0,4
"BOWHILL, UK",2023-04-10,52.0,34.0,4
"BOWHILL, UK",2023-04-11,48.0,40.0,4
"BOWHILL, UK",2023-04-12,50.0,40.0,4
"BOWHILL, UK",2023-04-13,55.0,33.0,4
"BOWHILL, UK",2023-04-14,56.0,34.0,4
"BOWHILL, UK",2023-04-15,55.0,31.0,4
"BOWHILL, UK",2023-04-16,58.0,42.0,4
"BOWHILL, UK",2023-04-17,55.0,46.0,4
"BOWHILL, UK",2023-04-18,58.0,37.0,4
"BOWHILL, UK",2023-04-19,55.0,38.0,4
"BOWHILL, UK",2023-04-20,58.0,37.0,4
"BOWHILL, UK",2023-04-21,48.0,39.0,4
"BOWHILL, UK",2023-04-22,50.0,42.0,4
"BOWHILL, UK",2023-04-23,46.0,40.0,4
"BOWHILL, UK",2023-04-24,48.0,37.0,4
"BOWHILL, UK",2023-04-25,49.0,27.0,4
"BOWHILL, UK",2023-04-26,52.0,28.0,4
"BOWHILL, UK",2023-04-27,56.0,32.0,4
"BOWHILL, UK",2023-04-28,,43.0,4
"BOWHILL, UK",2023-04-29,56.0,42.0,4
"BOWHILL, UK",2023-04-30,60.0,43.0,4
"SHAWBURY, UK",2023-04-01,53.0,44.0,4
"SHAWBURY, UK",2023-04-02,53.0,42.0,4
"SHAWBURY, UK",2023-04-03,56.0,31.0,4
"SHAWBURY, UK",2023-04-04,51.0,29.0,4
"SHAWBURY, UK",2023-04-05,54.0,41.0,4
"SHAWBURY, UK",2023-04-06,57.0,48.0,4
"SHAWBURY, UK",2023-04-07,59.0,33.0,4
"SHAWBURY, UK",2023-04-08,57.0,30.0,4
"SHAWBURY, UK",2023-04-09,57.0,40.0,4
"SHAWBURY, UK",2023-04-10,52.0,47.0,4
"SHAWBURY, UK",2023-04-11,49.0,38.0,4
"SHAWBURY, UK",2023-04-12,53.0,37.0,4
"SHAWBURY, UK",2023-04-13,47.0,40.0,4
"SHAWBURY, UK",2023-04-14,56.0,37.0,4
"SHAWBURY, UK",2023-04-15,55.0,34.0,4
"SHAWBURY, UK",2023-04-16,59.0,46.0,4
"SHAWBURY, UK",2023-04-17,59.0,49.0,4
"SHAWBURY, UK",2023-04-18,58.0,42.0,4
"SHAWBURY, UK",2023-04-19,59.0,45.0,4
"SHAWBURY, UK",2023-04-20,56.0,33.0,4
"SHAWBURY, UK",2023-04-21,55.0,44.0,4
"SHAWBURY, UK",2023-04-22,51.0,41.0,4
"SHAWBURY, UK",2023-04-23,49.0,45.0,4
"SHAWBURY, UK",2023-04-24,52.0,42.0,4
"SHAWBURY, UK",2023-04-25,56.0,27.0,4
"SHAWBURY, UK",2023-04-26,53.0,37.0,4
"SHAWBURY, UK",2023-04-27,59.0,40.0,4
"SHAWBURY, UK",2023-04-28,63.0,46.0,4
"SHAWBURY, UK",2023-04-29,57.0,51.0,4
"SHAWBURY, UK",2023-04-30,60.0,47.0,4
"KIRKWALL, UK",2023-04-01,50.0,,4
"KIRKWALL, UK",2023-04-02,50.0,38.0,4
"KIRKWALL, UK",2023-04-03,48.0,,4
"KIRKWALL, UK",2023-04-04,51.0,37.0,4
"KIRKWALL, UK",2023-04-05,52.0,,4
"KIRKWALL, UK",2023-04-06,49.0,,4
"KIRKWALL, UK",2023-04-07,,36.0,4
"KIRKWALL, UK",2023-04-08,50.0,42.0,4
"KIRKWALL, UK",2023-04-09,49.0,42.0,4
"KIRKWALL, UK",2023-04-10,54.0,41.0,4
"KIRKWALL, UK",2023-04-11,52.0,41.0,4
"KIRKWALL, UK",2023-04-12,49.0,41.0,4
"KIRKWALL, UK",2023-04-13,49.0,40.0,4
"KIRKWALL, UK",2023-04-14,51.0,,4
"KIRKWALL, UK",2023-04-15,52.0,,4
"KIRKWALL, UK",2023-04-16,56.0,,4
"KIRKWALL, UK",2023-04-17,53.0,,4
"KIRKWALL, UK",2023-04-18,58.0,,4
"KIRKWALL, UK",2023-04-19,57.0,,4
"KIRKWALL, UK",2023-04-20,53.0,38.0,4
"KIRKWALL, UK",2023-04-21,52.0,,4
"KIRKWALL, UK",2023-04-22,49.0,38.0,4
"KIRKWALL, UK",2023-04-23,46.0,38.0,4
"KIRKWALL, UK",2023-04-24,44.0,35.0,4
"KIRKWALL, UK",2023-04-25,45.0,33.0,4
"KIRKWALL, UK",2023-04-26,45.0,,4
"KIRKWALL, UK",2023-04-27,46.0,,4
"KIRKWALL, UK",2023-04-28,49.0,,4
"KIRKWALL, UK",2023-04-29,,,4
"KIRKWALL, UK",2023-04-30,52.0,,4
"BENMORE YOUNGER BOTANIC GARDE, UK",2023-04-01,55.0,42.0,4
"BENMORE YOUNGER BOTANIC GARDE, UK",2023-04-02,52.0,42.0,4
"BENMORE YOUNGER BOTANIC GARDE, UK",2023-04-03,53.0,34.0,4
"BENMORE YOUNGER BOTANIC GARDE, UK",2023-04-04,55.0,33.0,4
"BENMORE YOUNGER BOTANIC GARDE, UK",2023-04-05,56.0,46.0,4
"BENMORE YOUNGER BOTANIC GARDE, UK",2023-04-06,60.0,44.0,4
"BENMORE YOUNGER BOTANIC GARDE, UK",2023-04-07,56.0,32.0,4
"BENMORE YOUNGER BOTANIC GARDE, UK",2023-04-08,53.0,40.0,4
"BENMORE YOUNGER BOTANIC GARDE, UK",2023-04-09,52.0,41.0,4
"BENMORE YOUNGER BOTANIC GARDE, UK",2023-04-10,50.0,43.0,4
"BENMORE YOUNGER BOTANIC GARDE, UK",2023-04-11,,40.0,4
"BENMORE YOUNGER BOTANIC GARDE, UK",2023-04-12,,38.0,4
"BENMORE YOUNGER BOTANIC GARDE, UK",2023-04-20,63.0,,4
"BENMORE YOUNGER BOTANIC GARDE, UK",2023-04-22,,40.0,4
"BENMORE YOUNGER BOTANIC GARDE, UK",2023-04-30,62.0,,4
"LERWICK, UK",2023-04-01,48.0,34.0,4
"LERWICK, UK",2023-04-02,46.0,33.0,4
"LERWICK, UK",2023-04-03,49.0,41.0,4
"LERWICK, UK",2023-04-04,45.0,42.0,4
"LERWICK, UK",2023-04-05,45.0,44.0,4
"LERWICK, UK",2023-04-06,47.0,43.0,4
"LERWICK, UK",2023-04-07,48.0,40.0,4
"LERWICK, UK",2023-04-08,47.0,42.0,4
"LERWICK, UK",2023-04-09,48.0,43.0,4
"LERWICK, UK",2023-04-10,51.0,42.0,4
"LERWICK, UK",2023-04-11,49.0,41.0,4
"LERWICK, UK",2023-04-12,47.0,36.0,4
"LERWICK, UK",2023-04-13,48.0,41.0,4
"LERWICK, UK",2023-04-14,49.0,40.0,4
"LERWICK, UK",2023-04-15,48.0,42.0,4
"LERWICK, UK",2023-04-16,49.0,43.0,4
"LERWICK, UK",2023-04-17,51.0,43.0,4
"LERWICK, UK",2023-04-18,54.0,42.0,4
"LERWICK, UK",2023-04-19,53.0,42.0,4
"LERWICK, UK",2023-04-20,50.0,43.0,4
"LERWICK, UK",2023-04-21,51.0,38.0,4
"LERWICK, UK",2023-04-22,42.0,41.0,4
"LERWICK, UK",2023-04-23,42.0,40.0,4
"LERWICK, UK",2023-04-24,43.0,35.0,4
"LERWICK, UK",2023-04-25,44.0,33.0,4
"LERWICK, UK",2023-04-26,47.0,33.0,4
"LERWICK, UK",2023-04-27,44.0,33.0,4
"LERWICK, UK",2023-04-28,43.0,38.0,4
"LERWICK, UK",2023-04-29,44.0,34.0,4
"LERWICK, UK",2023-04-30,44.0,33.0,4
"AUCHINCRUIVE, UK",2023-04-01,56.0,40.0,4
"AUCHINCRUIVE, UK",2023-04-02,53.0,33.0,4
"AUCHINCRUIVE, UK",2023-04-03,55.0,34.0,4
"AUCHINCRUIVE, UK",2023-04-04,54.0,36.0,4
"AUCHINCRUIVE, UK",2023-04-05,52.0,47.0,4
"AUCHINCRUIVE, UK",2023-04-06,58.0,44.0,4
"AUCHINCRUIVE, UK",2023-04-07,61.0,31.0,4
"AUCHINCRUIVE, UK",2023-04-08,54.0,35.0,4
"AUCHINCRUIVE, UK",2023-04-09,54.0,41.0,4
"AUCHINCRUIVE, UK",2023-04-10,52.0,47.0,4
"AUCHINCRUIVE, UK",2023-04-11,52.0,41.0,4
"AUCHINCRUIVE, UK",2023-04-12,51.0,37.0,4
"AUCHINCRUIVE, UK",2023-04-13,53.0,40.0,4
"AUCHINCRUIVE, UK",2023-04-14,56.0,35.0,4
"AUCHINCRUIVE, UK",2023-04-15,57.0,33.0,4
"AUCHINCRUIVE, UK",2023-04-16,60.0,45.0,4
"AUCHINCRUIVE, UK",2023-04-17,64.0,49.0,4
"AUCHINCRUIVE, UK",2023-04-18,62.0,45.0,4
"AUCHINCRUIVE, UK",2023-04-19,63.0,38.0,4
"AUCHINCRUIVE, UK",2023-04-20,63.0,38.0,4
"AUCHINCRUIVE, UK",2023-04-21,52.0,37.0,4
"AUCHINCRUIVE, UK",2023-04-22,53.0,42.0,4
"AUCHINCRUIVE, UK",2023-04-23,52.0,44.0,4
"AUCHINCRUIVE, UK",2023-04-24,51.0,36.0,4
"AUCHINCRUIVE, UK",2023-04-25,54.0,30.0,4
"AUCHINCRUIVE, UK",2023-04-26,53.0,31.0,4
"AUCHINCRUIVE, UK",2023-04-27,56.0,40.0,4
"AUCHINCRUIVE, UK",2023-04-28,53.0,44.0,4
"AUCHINCRUIVE, UK",2023-04-29,60.0,46.0,4
"AUCHINCRUIVE, UK",2023-04-30,58.0,48.0,4
"GOUDHURST, UK",2023-04-01,50.0,46.0,4
"GOUDHURST, UK",2023-04-02,52.0,42.0,4
"GOUDHURST, UK",2023-04-03,56.0,30.0,4
"GOUDHURST, UK",2023-04-04,55.0,26.0,4
"GOUDHURST, UK",2023-04-05,58.0,28.0,4
"GOUDHURST, UK",2023-04-06,58.0,45.0,4
"GOUDHURST, UK",2023-04-07,56.0,36.0,4
"GOUDHURST, UK",2023-04-08,60.0,32.0,4
"GOUDHURST, UK",2023-04-09,57.0,39.0,4
"GOUDHURST, UK",2023-04-10,54.0,45.0,4
"GOUDHURST, UK",2023-04-11,52.0,42.0,4
"GOUDHURST, UK",2023-04-12,55.0,41.0,4
"GOUDHURST, UK",2023-04-13,51.0,41.0,4
"GOUDHURST, UK",2023-04-14,59.0,37.0,4
"GOUDHURST, UK",2023-04-15,59.0,43.0,4
"GOUDHURST, UK",2023-04-16,59.0,37.0,4
"GOUDHURST, UK",2023-04-17,53.0,45.0,4
"GOUDHURST, UK",2023-04-18,59.0,43.0,4
"GOUDHURST, UK",2023-04-19,57.0,44.0,4
"GOUDHURST, UK",2023-04-20,54.0,36.0,4
"GOUDHURST, UK",2023-04-21,58.0,38.0,4
"GOUDHURST, UK",2023-04-22,54.0,35.0,4
"GOUDHURST, UK",2023-04-23,55.0,48.0,4
"GOUDHURST, UK",2023-04-24,52.0,43.0,4
"GOUDHURST, UK",2023-04-25,54.0,34.0,4
"GOUDHURST, UK",2023-04-26,57.0,33.0,4
"GOUDHURST, UK",2023-04-27,65.0,37.0,4
"GOUDHURST, UK",2023-04-28,61.0,49.0,4
"GOUDHURST, UK",2023-04-29,62.0,40.0,4
"GOUDHURST, UK",2023-04-30,62.0,36.0,4
"WATTISHAM, UK",2023-04-01,50.0,44.0,4
"WATTISHAM, UK",2023-04-02,50.0,41.0,4
"WATTISHAM, UK",2023-04-03,50.0,30.0,4
"WATTISHAM, UK",2023-04-04,54.0,32.0,4
"WATTISHAM, UK",2023-04-05,57.0,35.0,4
"WATTISHAM, UK",2023-04-06,55.0,44.0,4
"WATTISHAM, UK",2023-04-07,51.0,40.0,4
"WATTISHAM, UK",2023-04-08,58.0,37.0,4
"WATTISHAM, UK",2023-04-09,58.0,41.0,4
"WATTISHAM, UK",2023-04-10,57.0,47.0,4
"WATTISHAM, UK",2023-04-11,53.0,38.0,4
"WATTISHAM, UK",2023-04-12,55.0,39.0,4
"WATTISHAM, UK",2023-04-13,54.0,39.0,4
"WATTISHAM, UK",2023-04-14,59.0,36.0,4
"WATTISHAM, UK",2023-04-15,59.0,43.0,4
"WATTISHAM, UK",2023-04-16,58.0,38.0,4
"WATTISHAM, UK",2023-04-17,51.0,45.0,4
"WATTISHAM, UK",2023-04-18,55.0,42.0,4
"WATTISHAM, UK",2023-04-19,57.0,42.0,4
"WATTISHAM, UK",2023-04-20,53.0,38.0,4
"WATTISHAM, UK",2023-04-21,56.0,41.0,4
"WATTISHAM, UK",2023-04-22,57.0,41.0,4
"WATTISHAM, UK",2023-04-23,52.0,46.0,4
"WATTISHAM, UK",2023-04-24,50.0,39.0,4
"WATTISHAM, UK",2023-04-25,51.0,34.0,4
"WATTISHAM, UK",2023-04-26,55.0,38.0,4
"WATTISHAM, UK",2023-04-27,58.0,44.0,4
"WATTISHAM, UK",2023-04-28,60.0,47.0,4
"WATTISHAM, UK",2023-04-29,61.0,39.0,4
"WATTISHAM, UK",2023-04-30,62.0,44.0,4
"THREAVE, UK",2023-04-01,54.0,40.0,4
"THREAVE, UK",2023-04-02,50.0,34.0,4
"THREAVE, UK",2023-04-03,50.0,31.0,4
"THREAVE, UK",2023-04-04,50.0,30.0,4
"THREAVE, UK",2023-04-05,54.0,45.0,4
"THREAVE, UK",2023-04-06,56.0,42.0,4
"THREAVE, UK",2023-04-07,58.0,30.0,4
"THREAVE, UK",2023-04-08,53.0,33.0,4
"THREAVE, UK",2023-04-09,54.0,37.0,4
"THREAVE, UK",2023-04-10,50.0,47.0,4
"THREAVE, UK",2023-04-11,47.0,38.0,4
"THREAVE, UK",2023-04-12,53.0,38.0,4
"THREAVE, UK",2023-04-13,54.0,38.0,4
"THREAVE, UK",2023-04-14,55.0,29.0,4
"THREAVE, UK",2023-04-15,51.0,31.0,4
"THREAVE, UK",2023-04-16,59.0,45.0,4
"THREAVE, UK",2023-04-17,62.0,47.0,4
"THREAVE, UK",2023-04-18,60.0,39.0,4
"THREAVE, UK",2023-04-19,61.0,36.0,4
"THREAVE, UK",2023-04-20,64.0,36.0,4
"THREAVE, UK",2023-04-21,49.0,37.0,4
"THREAVE, UK",2023-04-22,56.0,46.0,4
"THREAVE, UK",2023-04-23,53.0,37.0,4
"THREAVE, UK",2023-04-24,51.0,35.0,4
"THREAVE, UK",2023-04-25,55.0,32.0,4
"THREAVE, UK",2023-04-26,53.0,32.0,4
"THREAVE, UK",2023-04-27,59.0,34.0,4
"THREAVE, UK",2023-04-28,52.0,45.0,4
"THREAVE, UK",2023-04-29,56.0,47.0,4
"THREAVE, UK",2023-04-30,61.0,47.0,4
"CARLISLE, UK",2023-04-01,53.0,38.0,4
"CARLISLE, UK",2023-04-02,55.0,42.0,4
"CARLISLE, UK",2023-04-03,56.0,33.0,4
"CARLISLE, UK",2023-04-04,51.0,39.0,4
"CARLISLE, UK",2023-04-05,55.0,41.0,4
"CARLISLE, UK",2023-04-06,58.0,45.0,4
"CARLISLE, UK",2023-04-07,61.0,33.0,4
"CARLISLE, UK",2023-04-08,56.0,36.0,4
"CARLISLE, UK",2023-04-09,53.0,43.0,4
"CARLISLE, UK",2023-04-10,55.0,49.0,4
"CARLISLE, UK",2023-04-11,46.0,42.0,4
"CARLISLE, UK",2023-04-12,51.0,38.0,4
"CARLISLE, UK",2023-04-13,56.0,38.0,4
"CARLISLE, UK",2023-04-14,58.0,37.0,4
"CARLISLE, UK",2023-04-15,56.0,34.0,4
"CARLISLE, UK",2023-04-16,62.0,46.0,4
"CARLISLE, UK",2023-04-17,60.0,48.0,4
"CARLISLE, UK",2023-04-18,59.0,40.0,4
"CARLISLE, UK",2023-04-19,58.0,41.0,4
"CARLISLE, UK",2023-04-20,58.0,42.0,4
"CARLISLE, UK",2023-04-21,51.0,40.0,4
"CARLISLE, UK",2023-04-22,57.0,44.0,4
"CARLISLE, UK",2023-04-23,50.0,40.0,4
"CARLISLE, UK",2023-04-24,53.0,36.0,4
"CARLISLE, UK",2023-04-25,56.0,28.0,4
"CARLISLE, UK",2023-04-26,56.0,34.0,4
"CARLISLE, UK",2023-04-27,60.0,38.0,4
"CARLISLE, UK",2023-04-28,54.0,45.0,4
"CARLISLE, UK",2023-04-29,57.0,45.0,4
"CARLISLE, UK",2023-04-30,61.0,46.0,4
"WISLEY, UK",2023-04-01,52.0,47.0,4
"WISLEY, UK",2023-04-02,54.0,43.0,4
"WISLEY, UK",2023-04-03,59.0,29.0,4
"WISLEY, UK",2023-04-04,56.0,27.0,4
"WISLEY, UK",2023-04-05,58.0,34.0,4
"WISLEY, UK",2023-04-06,61.0,47.0,4
"WISLEY, UK",2023-04-07,60.0,34.0,4
"WISLEY, UK",2023-04-08,62.0,33.0,4
"WISLEY, UK",2023-04-09,60.0,40.0,4
"WISLEY, UK",2023-04-10,56.0,50.0,4
"WISLEY, UK",2023-04-11,52.0,42.0,4
"WISLEY, UK",2023-04-12,56.0,39.0,4
"WISLEY, UK",2023-04-13,50.0,42.0,4
"WISLEY, UK",2023-04-14,59.0,39.0,4
"WISLEY, UK",2023-04-15,61.0,44.0,4
"WISLEY, UK",2023-04-16,63.0,43.0,4
"WISLEY, UK",2023-04-17,54.0,48.0,4
"WISLEY, UK",2023-04-18,61.0,43.0,4
"WISLEY, UK",2023-04-19,61.0,45.0,4
"WISLEY, UK",2023-04-20,52.0,34.0,4
"WISLEY, UK",2023-04-21,58.0,43.0,4
"WISLEY, UK",2023-04-22,59.0,34.0,4
"WISLEY, UK",2023-04-23,56.0,45.0,4
"WISLEY, UK",2023-04-24,53.0,41.0,4
"WISLEY, UK",2023-04-25,55.0,32.0,4
"WISLEY, UK",2023-04-26,59.0,38.0,4
"WISLEY, UK",2023-04-27,66.0,41.0,4
"WISLEY, UK",2023-04-28,67.0,49.0,4
"WISLEY, UK",2023-04-29,64.0,39.0,4
"WISLEY, UK",2023-04-30,65.0,41.0,4
"CRAIBSTONE, UK",2023-04-01,,,4
"CRAIBSTONE, UK",2023-04-02,48.0,,4
"CRAIBSTONE, UK",2023-04-03,47.0,34.0,4
"CRAIBSTONE, UK",2023-04-04,53.0,,4
"CRAIBSTONE, UK",2023-04-05,50.0,42.0,4
"CRAIBSTONE, UK",2023-04-06,50.0,,4
"CRAIBSTONE, UK",2023-04-07,50.0,,4
"CRAIBSTONE, UK",2023-04-08,49.0,,4
"CRAIBSTONE, UK",2023-04-09,,43.0,4
"CRAIBSTONE, UK",2023-04-10,,44.0,4
"CRAIBSTONE, UK",2023-04-11,55.0,41.0,4
"CRAIBSTONE, UK",2023-04-12,47.0,38.0,4
"CRAIBSTONE, UK",2023-04-13,52.0,38.0,4
"CRAIBSTONE, UK",2023-04-14,53.0,,4
"CRAIBSTONE, UK",2023-04-15,54.0,35.0,4
"CRAIBSTONE, UK",2023-04-16,54.0,44.0,4
"CRAIBSTONE, UK",2023-04-17,52.0,,4
"CRAIBSTONE, UK",2023-04-18,54.0,,4
"CRAIBSTONE, UK",2023-04-19,56.0,35.0,4
"CRAIBSTONE, UK",2023-04-20,56.0,34.0,4
"CRAIBSTONE, UK",2023-04-21,57.0,,4
"CRAIBSTONE, UK",2023-04-22,53.0,,4
"CRAIBSTONE, UK",2023-04-23,,,4
"CRAIBSTONE, UK",2023-04-24,,35.0,4
"CRAIBSTONE, UK",2023-04-25,45.0,34.0,4
"CRAIBSTONE, UK",2023-04-26,46.0,,4
"CRAIBSTONE, UK",2023-04-27,,,4
"CRAIBSTONE, UK",2023-04-28,54.0,,4
"CRAIBSTONE, UK",2023-04-29,47.0,39.0,4
"CRAIBSTONE, UK",2023-04-30,56.0,42.0,4
"LEUCHARS, UK",2023-04-01,45.0,40.0,4
"LEUCHARS, UK",2023-04-02,48.0,39.0,4
"LEUCHARS, UK",2023-04-03,,,4
"LEUCHARS, UK",2023-04-04,55.0,31.0,4
"LEUCHARS, UK",2023-04-05,56.0,42.0,4
"LEUCHARS, UK",2023-04-06,,,4
"LEUCHARS, UK",2023-04-07,53.0,34.0,4
"LEUCHARS, UK",2023-04-08,49.0,44.0,4
"LEUCHARS, UK",2023-04-09,54.0,42.0,4
"LEUCHARS, UK",2023-04-10,56.0,,4
"LEUCHARS, UK",2023-04-11,55.0,36.0,4
"LEUCHARS, UK",2023-04-12,,39.0,4
"LEUCHARS, UK",2023-04-13,48.0,38.0,4
"LEUCHARS, UK",2023-04-14,54.0,35.0,4
"LEUCHARS, UK",2023-04-15,50.0,31.0,4
"LEUCHARS, UK",2023-04-16,57.0,45.0,4
"LEUCHARS, UK",2023-04-17,55.0,,4
"LEUCHARS, UK",2023-04-18,49.0,43.0,4
"LEUCHARS, UK",2023-04-19,52.0,36.0,4
"LEUCHARS, UK",2023-04-20,52.0,36.0,4
"LEUCHARS, UK",2023-04-21,56.0,39.0,4
"LEUCHARS, UK",2023-04-22,55.0,37.0,4
"LEUCHARS, UK",2023-04-23,52.0,38.0,4
"LEUCHARS, UK",2023-04-24,50.0,,4
"LEUCHARS, UK",2023-04-25,49.0,28.0,4
"LEUCHARS, UK",2023-04-26,46.0,34.0,4
"LEUCHARS, UK",2023-04-27,,43.0,4
"LEUCHARS, UK",2023-04-28,59.0,,4
"LEUCHARS, UK",2023-04-29,50.0,40.0,4
"LEUCHARS, UK",2023-04-30,,44.0,4
"CAWOOD, UK",2023-04-01,51.0,43.0,4
"CAWOOD, UK",2023-04-02,53.0,42.0,4
"CAWOOD, UK",2023-04-03,,28.0,4
"CAWOOD, UK",2023-04-04,,29.0,4
"CAWOOD, UK",2023-04-05,55.0,,4
"CAWOOD, UK",2023-04-06,55.0,40.0,4
"CAWOOD, UK",2023-04-07,58.0,35.0,4
"CAWOOD, UK",2023-04-08,56.0,38.0,4
"CAWOOD, UK",2023-04-09,56.0,40.0,4
"CAWOOD, UK",2023-04-10,56.0,43.0,4
"CAWOOD, UK",2023-04-11,50.0,42.0,4
"CAWOOD, UK",2023-04-12,52.0,38.0,4
"CAWOOD, UK",2023-04-13,48.0,39.0,4
"CAWOOD, UK",2023-04-14,57.0,33.0,4
"CAWOOD, UK",2023-04-15,58.0,40.0,4
"CAWOOD, UK",2023-04-16,60.0,42.0,4
"CAWOOD, UK",2023-04-17,58.0,48.0,4
"CAWOOD, UK",2023-04-18,58.0,43.0,4
"CAWOOD, UK",2023-04-19,58.0,40.0,4
"CAWOOD, UK",2023-04-20,54.0,37.0,4
"CAWOOD, UK",2023-04-21,57.0,44.0,4
"CAWOOD, UK",2023-04-22,56.0,45.0,4
"CAWOOD, UK",2023-04-23,,44.0,4
"CAWOOD, UK",2023-04-24,,41.0,4
"CAWOOD, UK",2023-04-25,54.0,,4
"CAWOOD, UK",2023-04-26,55.0,,4
"CAWOOD, UK",2023-04-27,55.0,31.0,4
"CAWOOD, UK",2023-04-28,,44.0,4
"CAWOOD, UK",2023-04-29,,43.0,4
"CAWOOD, UK",2023-04-30,,46.0,4
"WOBURN, UK",2023-04-01,50.0,45.0,4
"WOBURN, UK",2023-04-02,53.0,42.0,4
"WOBURN, UK",2023-04-03,57.0,29.0,4
"WOBURN, UK",2023-04-04,55.0,25.0,4
"WOBURN, UK",2023-04-05,56.0,37.0,4
"WOBURN, UK",2023-04-06,57.0,46.0,4
"WOBURN, UK",2023-04-07,58.0,32.0,4
"WOBURN, UK",2023-04-08,60.0,30.0,4
"WOBURN, UK",2023-04-09,60.0,40.0,4
"WOBURN, UK",2023-04-10,55.0,49.0,4
"WOBURN, UK",2023-04-11,51.0,41.0,4
"WOBURN, UK",2023-04-12,56.0,39.0,4
"WOBURN, UK",2023-04-13,53.0,40.0,4
"WOBURN, UK",2023-04-14,60.0,33.0,4
"WOBURN, UK",2023-04-15,58.0,43.0,4
"WOBURN, UK",2023-04-16,61.0,41.0,4
"WOBURN, UK",2023-04-17,57.0,48.0,4
"WOBURN, UK",2023-04-18,60.0,44.0,4
"WOBURN, UK",2023-04-19,57.0,43.0,4
"WOBURN, UK",2023-04-20,54.0,38.0,4
"WOBURN, UK",2023-04-21,56.0,40.0,4
"WOBURN, UK",2023-04-22,60.0,36.0,4
"WOBURN, UK",2023-04-23,52.0,45.0,4
"WOBURN, UK",2023-04-24,52.0,42.0,4
"WOBURN, UK",2023-04-25,52.0,30.0,4
"WOBURN, UK",2023-04-26,58.0,33.0,4
"WOBURN, UK",2023-04-27,62.0,37.0,4
"WOBURN, UK",2023-04-28,65.0,45.0,4
"WOBURN, UK",2023-04-29,62.0,36.0,4
"WOBURN, UK",2023-04-30,62.0,42.0,4
"TIREE, UK",2023-04-01,51.0,45.0,4
"TIREE, UK",2023-04-02,53.0,40.0,4
"TIREE, UK",2023-04-03,50.0,45.0,4
"TIREE, UK",2023-04-04,,45.0,4
"TIREE, UK",2023-04-05,53.0,,4
"TIREE, UK",2023-04-06,51.0,,4
"TIREE, UK",2023-04-07,51.0,35.0,4
"TIREE, UK",2023-04-08,53.0,46.0,4
"TIREE, UK",2023-04-09,51.0,48.0,4
"TIREE, UK",2023-04-10,51.0,,4
"TIREE, UK",2023-04-11,50.0,40.0,4
"TIREE, UK",2023-04-12,48.0,39.0,4
"TIREE, UK",2023-04-13,49.0,,4
"TIREE, UK",2023-04-14,51.0,36.0,4
"TIREE, UK",2023-04-15,52.0,36.0,4
"TIREE, UK",2023-04-16,,46.0,4
"TIREE, UK",2023-04-17,,50.0,4
"TIREE, UK",2023-04-18,58.0,,4
"TIREE, UK",2023-04-19,60.0,44.0,4
"TIREE, UK",2023-04-20,,42.0,4
"TIREE, UK",2023-04-21,59.0,39.0,4
"TIREE, UK",2023-04-22,56.0,42.0,4
"TIREE, UK",2023-04-23,53.0,40.0,4
"TIREE, UK",2023-04-24,49.0,39.0,4
"TIREE, UK",2023-04-25,47.0,33.0,4
"TIREE, UK",2023-04-26,49.0,34.0,4
"TIREE, UK",2023-04-27,49.0,43.0,4
"TIREE, UK",2023-04-28,52.0,,4
"TIREE, UK",2023-04-29,54.0,46.0,4
"TIREE, UK",2023-04-30,,,4
"KINLOSS, UK",2023-04-01,48.0,34.0,4
"KINLOSS, UK",2023-04-02,53.0,36.0,4
"KINLOSS, UK",2023-04-03,60.0,31.0,4
"KINLOSS, UK",2023-04-04,58.0,40.0,4
"KINLOSS, UK",2023-04-05,,,4
"KINLOSS, UK",2023-04-06,57.0,,4
"KINLOSS, UK",2023-04-07,54.0,33.0,4
"KINLOSS, UK",2023-04-08,56.0,33.0,4
"KINLOSS, UK",2023-04-09,58.0,40.0,4
"KINLOSS, UK",2023-04-10,58.0,,4
"KINLOSS, UK",2023-04-11,55.0,39.0,4
"KINLOSS, UK",2023-04-12,52.0,,4
"KINLOSS, UK",2023-04-13,51.0,35.0,4
"KINLOSS, UK",2023-04-14,53.0,34.0,4
"KINLOSS, UK",2023-04-15,58.0,29.0,4
"KINLOSS, UK",2023-04-16,,45.0,4
"KINLOSS, UK",2023-04-17,64.0,45.0,4
"KINLOSS, UK",2023-04-18,66.0,,4
"KINLOSS, UK",2023-04-19,62.0,34.0,4
"KINLOSS, UK",2023-04-20,57.0,31.0,4
"KINLOSS, UK",2023-04-21,,27.0,4
"KINLOSS, UK",2023-04-22,48.0,38.0,4
"KINLOSS, UK",2023-04-23,47.0,,4
"KINLOSS, UK",2023-04-24,47.0,,4
"KINLOSS, UK",2023-04-25,47.0,,4
"KINLOSS, UK",2023-04-26,47.0,,4
"KINLOSS, UK",2023-04-27,,32.0,4
"KINLOSS, UK",2023-04-28,,,4
"KINLOSS, UK",2023-04-29,,40.0,4
"KINLOSS, UK",2023-04-30,56.0,43.0,4
"LYNEHAM, UK",2023-04-01,52.0,,4
"LYNEHAM, UK",2023-04-02,51.0,,4
"LYNEHAM, UK",2023-04-03,53.0,31.0,4
"LYNEHAM, UK",2023-04-04,56.0,29.0,4
"LYNEHAM, UK",2023-04-05,54.0,40.0,4
"LYNEHAM, UK",2023-04-06,55.0,,4
"LYNEHAM, UK",2023-04-07,57.0,34.0,4
"LYNEHAM, UK",2023-04-08,58.0,36.0,4
"LYNEHAM, UK",2023-04-09,59.0,39.0,4
"LYNEHAM, UK",2023-04-10,56.0,,4
"LYNEHAM, UK",2023-04-11,53.0,40.0,4
"LYNEHAM, UK",2023-04-12,48.0,35.0,4
"LYNEHAM, UK",2023-04-13,52.0,40.0,4
"LYNEHAM, UK",2023-04-14,48.0,38.0,4
"LYNEHAM, UK",2023-04-15,56.0,37.0,4
"LYNEHAM, UK",2023-04-16,55.0,46.0,4
"LYNEHAM, UK",2023-04-17,58.0,,4
"LYNEHAM, UK",2023-04-18,58.0,41.0,4
"LYNEHAM, UK",2023-04-19,58.0,43.0,4
"LYNEHAM, UK",2023-04-20,58.0,35.0,4
"LYNEHAM, UK",2023-04-21,53.0,,4
"LYNEHAM, UK",2023-04-22,55.0,32.0,4
"LYNEHAM, UK",2023-04-23,56.0,,4
"LYNEHAM, UK",2023-04-24,50.0,39.0,4
"LYNEHAM, UK",2023-04-25,51.0,34.0,4
"LYNEHAM, UK",2023-04-26,52.0,39.0,4
"LYNEHAM, UK",2023-04-27,52.0,40.0,4
"LYNEHAM, UK",2023-04-28,64.0,49.0,4
"LYNEHAM, UK",2023-04-29,65.0,43.0,4
"LYNEHAM, UK",2023-04-30,61.0,43.0,4
"OXFORD, UK",2023-04-01,54.0,46.0,4
"OXFORD, UK",2023-04-02,54.0,41.0,4
"OXFORD, UK",2023-04-03,57.0,33.0,4
"OXFORD, UK",2023-04-04,53.0,30.0,4
"OXFORD, UK",2023-04-05,60.0,42.0,4
"OXFORD, UK",2023-04-06,59.0,48.0,4
"OXFORD, UK",2023-04-07,60.0,36.0,4
"OXFORD, UK",2023-04-08,61.0,34.0,4
"OXFORD, UK",2023-04-09,59.0,39.0,4
"OXFORD, UK",2023-04-10,56.0,45.0,4
"OXFORD, UK",2023-04-11,51.0,43.0,4
"OXFORD, UK",2023-04-12,55.0,37.0,4
"OXFORD, UK",2023-04-13,51.0,41.0,4
"OXFORD, UK",2023-04-14,58.0,42.0,4
"OXFORD, UK",2023-04-15,54.0,42.0,4
"OXFORD, UK",2023-04-16,60.0,45.0,4
"OXFORD, UK",2023-04-17,58.0,49.0,4
"OXFORD, UK",2023-04-18,60.0,44.0,4
"OXFORD, UK",2023-04-19,59.0,44.0,4
"OXFORD, UK",2023-04-20,51.0,38.0,4
"OXFORD, UK",2023-04-21,58.0,40.0,4
"OXFORD, UK",2023-04-22,59.0,33.0,4
"OXFORD, UK",2023-04-23,50.0,,4
"OXFORD, UK",2023-04-24,53.0,44.0,4
"OXFORD, UK",2023-04-25,51.0,33.0,4
"OXFORD, UK",2023-04-26,58.0,41.0,4
"OXFORD, UK",2023-04-27,64.0,39.0,4
"OXFORD, UK",2023-04-28,66.0,48.0,4
"OXFORD, UK",2023-04-29,60.0,45.0,4
"OXFORD, UK",2023-04-30,,47.0,4
"BRAEMAR 1, UK",2023-04-01,50.0,36.0,4
"BRAEMAR 1, UK",2023-04-02,51.0,38.0,4
"BRAEMAR 1, UK",2023-04-03,52.0,27.0,4
"BRAEMAR 1, UK",2023-04-04,54.0,26.0,4
"BRAEMAR 1, UK",2023-04-05,50.0,43.0,4
"BRAEMAR 1, UK",2023-04-06,52.0,42.0,4
"BRAEMAR 1, UK",2023-04-07,49.0,25.0,4
"BRAEMAR 1, UK",2023-04-08,52.0,36.0,4
"BRAEMAR 1, UK",2023-04-09,52.0,31.0,4
"BRAEMAR 1, UK",2023-04-10,51.0,42.0,4
"BRAEMAR 1, UK",2023-04-11,45.0,35.0,4
"BRAEMAR 1, UK",2023-04-12,43.0,34.0,4
"BRAEMAR 1, UK",2023-04-13,46.0,32.0,4
"BRAEMAR 1, UK",2023-04-14,51.0,33.0,4
"BRAEMAR 1, UK",2023-04-15,54.0,29.0,4
"BRAEMAR 1, UK",2023-04-16,56.0,40.0,4
"BRAEMAR 1, UK",2023-04-17,59.0,43.0,4
"BRAEMAR 1, UK",2023-04-18,55.0,36.0,4
"BRAEMAR 1, UK",2023-04-19,57.0,24.0,4
"BRAEMAR 1, UK",2023-04-20,58.0,24.0,4
"BRAEMAR 1, UK",2023-04-21,52.0,23.0,4
"BRAEMAR 1, UK",2023-04-22,43.0,22.0,4
"BRAEMAR 1, UK",2023-04-23,41.0,41.0,4
"BRAEMAR 1, UK",2023-04-24,44.0,33.0,4
"BRAEMAR 1, UK",2023-04-25,46.0,30.0,4
"BRAEMAR 1, UK",2023-04-26,48.0,25.0,4
"BRAEMAR 1, UK",2023-04-27,53.0,35.0,4
"BRAEMAR 1, UK",2023-04-28,45.0,40.0,4
"BRAEMAR 1, UK",2023-04-29,53.0,33.0,4
"BRAEMAR 1, UK",2023-04-30,49.0,35.0,4
"ALWEN, UK",2023-04-01,48.0,41.0,4
"ALWEN, UK",2023-04-02,47.0,41.0,4
"ALWEN, UK",2023-04-03,50.0,28.0,4
"ALWEN, UK",2023-04-04,49.0,34.0,4
"ALWEN, UK",2023-04-05,51.0,39.0,4
"ALWEN, UK",2023-04-06,48.0,,4
"ALWEN, UK",2023-04-07,55.0,43.0,4
"ALWEN, UK",2023-04-08,54.0,38.0,4
"ALWEN, UK",2023-04-09,49.0,40.0,4
"ALWEN, UK",2023-04-10,45.0,45.0,4
"ALWEN, UK",2023-04-11,,38.0,4
"ALWEN, UK",2023-04-12,48.0,27.0,4
"ALWEN, UK",2023-04-13,44.0,38.0,4
"ALWEN, UK",2023-04-14,55.0,38.0,4
"ALWEN, UK",2023-04-15,52.0,34.0,4
"ALWEN, UK",2023-04-16,56.0,42.0,4
"ALWEN, UK",2023-04-17,55.0,,4
"ALWEN, UK",2023-04-18,53.0,33.0,4
"ALWEN, UK",2023-04-19,54.0,41.0,4
"ALWEN, UK",2023-04-20,51.0,37.0,4
"ALWEN, UK",2023-04-21,52.0,41.0,4
"ALWEN, UK",2023-04-22,47.0,39.0,4
"ALWEN, UK",2023-04-23,50.0,39.0,4
"ALWEN, UK",2023-04-24,47.0,31.0,4
"ALWEN, UK",2023-04-25,52.0,30.0,4
"ALWEN, UK",2023-04-26,,27.0,4
"ALWEN, UK",2023-04-27,56.0,27.0,4
"ALWEN, UK",2023-04-28,,27.0,4
"ALWEN, UK",2023-04-29,53.0,27.0,4
"ALWEN, UK",2023-04-30,,42.0,4
"BOURNEMOUTH, UK",2023-04-01,56.0,,4
"BOURNEMOUTH, UK",2023-04-02,53.0,,4
"BOURNEMOUTH, UK",2023-04-03,,29.0,4
"BOURNEMOUTH, UK",2023-04-04,53.0,,4
"BOURNEMOUTH, UK",2023-04-05,52.0,31.0,4
"BOURNEMOUTH, UK",2023-04-06,,,4
"BOURNEMOUTH, UK",2023-04-07,59.0,30.0,4
"BOURNEMOUTH, UK",2023-04-08,56.0,30.0,4
"BOURNEMOUTH, UK",2023-04-09,56.0,36.0,4
"BOURNEMOUTH, UK",2023-04-10,60.0,,4
"BOURNEMOUTH, UK",2023-04-11,54.0,43.0,4
"BOURNEMOUTH, UK",2023-04-12,52.0,40.0,4
"BOURNEMOUTH, UK",2023-04-13,56.0,40.0,4
"BOURNEMOUTH, UK",2023-04-14,50.0,39.0,4
"BOURNEMOUTH, UK",2023-04-15,58.0,38.0,4
"BOURNEMOUTH, UK",2023-04-16,56.0,42.0,4
"BOURNEMOUTH, UK",2023-04-17,61.0,,4
"BOURNEMOUTH, UK",2023-04-18,59.0,39.0,4
"BOURNEMOUTH, UK",2023-04-19,63.0,43.0,4
"BOURNEMOUTH, UK",2023-04-20,62.0,38.0,4
"BOURNEMOUTH, UK",2023-04-21,56.0,,4
"BOURNEMOUTH, UK",2023-04-22,55.0,31.0,4
"BOURNEMOUTH, UK",2023-04-23,59.0,,4
"BOURNEMOUTH, UK",2023-04-24,,36.0,4
"BOURNEMOUTH, UK",2023-04-25,54.0,35.0,4
"BOURNEMOUTH, UK",2023-04-26,55.0,37.0,4
"BOURNEMOUTH, UK",2023-04-27,54.0,46.0,4
"BOURNEMOUTH, UK",2023-04-28,65.0,,4
"BOURNEMOUTH, UK",2023-04-29,61.0,40.0,4
"BOURNEMOUTH, UK",2023-04-30,56.0,35.0,4
"DYCE, UK",2023-04-01,48.0,39.0,4
"DYCE, UK",2023-04-02,48.0,38.0,4
"DYCE, UK",2023-04-03,53.0,34.0,4
"DYCE, UK",2023-04-04,50.0,36.0,4
"DYCE, UK",2023-04-05,50.0,42.0,4
"DYCE, UK",2023-04-06,50.0,45.0,4
"DYCE, UK",2023-04-07,49.0,40.0,4
"DYCE, UK",2023-04-08,51.0,44.0,4
"DYCE, UK",2023-04-09,57.0,43.0,4
"DYCE, UK",2023-04-10,55.0,43.0,4
"DYCE, UK",2023-04-11,47.0,41.0,4
"DYCE, UK",2023-04-12,48.0,38.0,4
"DYCE, UK",2023-04-13,53.0,38.0,4
"DYCE, UK",2023-04-14,54.0,39.0,4
"DYCE, UK",2023-04-15,54.0,35.0,4
"DYCE, UK",2023-04-16,52.0,43.0,4
"DYCE, UK",2023-04-17,54.0,45.0,4
"DYCE, UK",2023-04-18,56.0,40.0,4
"DYCE, UK",2023-04-19,56.0,35.0,4
"DYCE, UK",2023-04-20,57.0,34.0,4
"DYCE, UK",2023-04-21,53.0,34.0,4
"DYCE, UK",2023-04-22,46.0,38.0,4
"DYCE, UK",2023-04-23,46.0,43.0,4
"DYCE, UK",2023-04-24,45.0,37.0,4
"DYCE, UK",2023-04-25,46.0,34.0,4
"DYCE, UK",2023-04-26,49.0,30.0,4
"DYCE, UK",2023-04-27,54.0,35.0,4
"DYCE, UK",2023-04-28,46.0,42.0,4
"DYCE, UK",2023-04-29,56.0,39.0,4
"DYCE, UK",2023-04-30,49.0,42.0,4
"ABERPORTH, UK",2023-04-01,50.0,,4
"ABERPORTH, UK",2023-04-02,51.0,,4
"ABERPORTH, UK",2023-04-03,54.0,37.0,4
"ABERPORTH, UK",2023-04-04,52.0,37.0,4
"ABERPORTH, UK",2023-04-05,52.0,45.0,4
"ABERPORTH, UK",2023-04-06,51.0,,4
"ABERPORTH, UK",2023-04-07,54.0,38.0,4
"ABERPORTH, UK",2023-04-08,58.0,41.0,4
"ABERPORTH, UK",2023-04-09,56.0,44.0,4
"ABERPORTH, UK",2023-04-10,52.0,44.0,4
"ABERPORTH, UK",2023-04-11,49.0,40.0,4
"ABERPORTH, UK",2023-04-12,48.0,38.0,4
"ABERPORTH, UK",2023-04-13,51.0,,4
"ABERPORTH, UK",2023-04-14,48.0,39.0,4
"ABERPORTH, UK",2023-04-15,51.0,45.0,4
"ABERPORTH, UK",2023-04-16,59.0,47.0,4
"ABERPORTH, UK",2023-04-17,54.0,50.0,4
"ABERPORTH, UK",2023-04-18,58.0,44.0,4
"ABERPORTH, UK",2023-04-19,59.0,43.0,4
"ABERPORTH, UK",2023-04-20,58.0,40.0,4
"ABERPORTH, UK",2023-04-21,54.0,,4
"ABERPORTH, UK",2023-04-22,51.0,35.0,4
"ABERPORTH, UK",2023-04-23,51.0,42.0,4
"ABERPORTH, UK",2023-04-24,49.0,43.0,4
"ABERPORTH, UK",2023-04-25,51.0,35.0,4
"ABERPORTH, UK",2023-04-26,54.0,43.0,4
"ABERPORTH, UK",2023-04-27,54.0,45.0,4
"ABERPORTH, UK",2023-04-28,56.0,,4
"ABERPORTH, UK",2023-04-29,63.0,46.0,4
"ABERPORTH, UK",2023-04-30,60.0,50.0,4
"ALDERGROVE, UK",2023-04-01,52.0,44.0,4
"ALDERGROVE, UK",2023-04-02,51.0,42.0,4
"ALDERGROVE, UK",2023-04-03,56.0,43.0,4
"ALDERGROVE, UK",2023-04-04,56.0,43.0,4
"ALDERGROVE, UK",2023-04-05,54.0,47.0,4
"ALDERGROVE, UK",2023-04-06,56.0,40.0,4
"ALDERGROVE, UK",2023-04-07,58.0,33.0,4
"ALDERGROVE, UK",2023-04-08,54.0,44.0,4
"ALDERGROVE, UK",2023-04-09,52.0,47.0,4
"ALDERGROVE, UK",2023-04-10,48.0,45.0,4
"ALDERGROVE, UK",2023-04-11,47.0,36.0,4
"ALDERGROVE, UK",2023-04-12,51.0,34.0,4
"ALDERGROVE, UK",2023-04-13,51.0,38.0,4
"ALDERGROVE, UK",2023-04-14,56.0,33.0,4
"ALDERGROVE, UK",2023-04-15,62.0,32.0,4
"ALDERGROVE, UK",2023-04-16,61.0,43.0,4
"ALDERGROVE, UK",2023-04-17,59.0,44.0,4
"ALDERGROVE, UK",2023-04-18,57.0,48.0,4
"ALDERGROVE, UK",2023-04-19,58.0,40.0,4
"ALDERGROVE, UK",2023-04-20,61.0,40.0,4
"ALDERGROVE, UK",2023-04-21,47.0,42.0,4
"ALDERGROVE, UK",2023-04-22,56.0,44.0,4
"ALDERGROVE, UK",2023-04-23,51.0,41.0,4
"ALDERGROVE, UK",2023-04-24,50.0,40.0,4
"ALDERGROVE, UK",2023-04-25,53.0,29.0,4
"ALDERGROVE, UK",2023-04-26,54.0,42.0,4
"ALDERGROVE, UK",2023-04-27,62.0,44.0,4
"ALDERGROVE, UK",2023-04-28,61.0,47.0,4
"ALDERGROVE, UK",2023-04-29,62.0,49.0,4
"ALDERGROVE, UK",2023-04-30,57.0,51.0,4
"LEUCHARS, UK",2023-04-01,48.0,40.0,4
"LEUCHARS, UK",2023-04-02,51.0,39.0,4
"LEUCHARS, UK",2023-04-03,55.0,29.0,4
"LEUCHARS, UK",2023-04-04,56.0,31.0,4
"LEUCHARS, UK",2023-04-05,57.0,42.0,4
"LEUCHARS, UK",2023-04-06,53.0,45.0,4
"LEUCHARS, UK",2023-04-07,51.0,34.0,4
"LEUCHARS, UK",2023-04-08,54.0,45.0,4
"LEUCHARS, UK",2023-04-09,56.0,42.0,4
"LEUCHARS, UK",2023-04-10,54.0,47.0,4
"LEUCHARS, UK",2023-04-11,50.0,36.0,4
"LEUCHARS, UK",2023-04-12,48.0,39.0,4
"LEUCHARS, UK",2023-04-13,54.0,38.0,4
"LEUCHARS, UK",2023-04-14,51.0,35.0,4
"LEUCHARS, UK",2023-04-15,57.0,31.0,4
"LEUCHARS, UK",2023-04-16,54.0,44.0,4
"LEUCHARS, UK",2023-04-17,50.0,48.0,4
"LEUCHARS, UK",2023-04-18,52.0,43.0,4
"LEUCHARS, UK",2023-04-19,52.0,36.0,4
"LEUCHARS, UK",2023-04-20,56.0,36.0,4
"LEUCHARS, UK",2023-04-21,55.0,39.0,4
"LEUCHARS, UK",2023-04-22,52.0,37.0,4
"LEUCHARS, UK",2023-04-23,50.0,38.0,4
"LEUCHARS, UK",2023-04-24,49.0,35.0,4
"LEUCHARS, UK",2023-04-25,47.0,28.0,4
"LEUCHARS, UK",2023-04-26,49.0,34.0,4
"LEUCHARS, UK",2023-04-27,59.0,43.0,4
"LEUCHARS, UK",2023-04-28,49.0,45.0,4
"LEUCHARS, UK",2023-04-29,58.0,40.0,4
"LEUCHARS, UK",2023-04-30,58.0,42.0,4
"CAMBRIDGE NIAB, UK",2023-04-01,,,4
"CAMBRIDGE NIAB, UK",2023-04-02,,,4
"CAMBRIDGE NIAB, UK",2023-04-03,,,4
"CAMBRIDGE NIAB, UK",2023-04-04,,,4
"CAMBRIDGE NIAB, UK",2023-04-05,,,4
"CAMBRIDGE NIAB, UK",2023-04-06,,,4
"CAMBRIDGE NIAB, UK",2023-04-07,,,4
"CAMBRIDGE NIAB, UK",2023-04-08,,,4
"CAMBRIDGE NIAB, UK",2023-04-09,,,4
"CAMBRIDGE NIAB, UK",2023-04-10,,,4
"CAMBRIDGE NIAB, UK",2023-04-11,,,4
"CAMBRIDGE NIAB, UK",2023-04-12,,,4
"CAMBRIDGE NIAB, UK",2023-04-13,,,4
"CAMBRIDGE NIAB, UK",2023-04-14,,,4
"CAMBRIDGE NIAB, UK",2023-04-15,,,4
"CAMBRIDGE NIAB, UK",2023-04-16,,,4
"CAMBRIDGE NIAB, UK",2023-04-17,,,4
"CAMBRIDGE NIAB, UK",2023-04-18,,,4
"CAMBRIDGE NIAB, UK",2023-04-19,,,4
"CAMBRIDGE NIAB, UK",2023-04-20,,,4
"CAMBRIDGE NIAB, UK",2023-04-21,,,4
"CAMBRIDGE NIAB, UK",2023-04-22,,,4
"CAMBRIDGE NIAB, UK",2023-04-23,,,4
"CAMBRIDGE NIAB, UK",2023-04-24,,,4
"CAMBRIDGE NIAB, UK",2023-04-25,,,4
"CAMBRIDGE NIAB, UK",2023-04-26,,,4
"CAMBRIDGE NIAB, UK",2023-04-27,,,4
"CAMBRIDGE NIAB, UK",2023-04-28,,,4
"CAMBRIDGE NIAB, UK",2023-04-29,,,4
"CAMBRIDGE NIAB, UK",2023-04-30,,,4
"CAMBRIDGE B. GDNS, UK",2023-04-01,53.0,,4
"CAMBRIDGE B. GDNS, UK",2023-04-02,48.0,,4
"CAMBRIDGE B. GDNS, UK",2023-04-03,56.0,32.0,4
"CAMBRIDGE B. GDNS, UK",2023-04-04,56.0,27.0,4
"CAMBRIDGE B. GDNS, UK",2023-04-05,59.0,,4
"CAMBRIDGE B. GDNS, UK",2023-04-06,,47.0,4
"CAMBRIDGE B. GDNS, UK",2023-04-07,58.0,43.0,4
"CAMBRIDGE B. GDNS, UK",2023-04-08,62.0,34.0,4
"CAMBRIDGE B. GDNS, UK",2023-04-09,61.0,43.0,4
"CAMBRIDGE B. GDNS, UK",2023-04-10,58.0,49.0,4
"CAMBRIDGE B. GDNS, UK",2023-04-11,55.0,42.0,4
"CAMBRIDGE B. GDNS, UK",2023-04-12,57.0,40.0,4
"CAMBRIDGE B. GDNS, UK",2023-04-13,55.0,42.0,4
"CAMBRIDGE B. GDNS, UK",2023-04-14,62.0,35.0,4
"CAMBRIDGE B. GDNS, UK",2023-04-15,62.0,35.0,4
"CAMBRIDGE B. GDNS, UK",2023-04-16,63.0,42.0,4
"CAMBRIDGE B. GDNS, UK",2023-04-17,58.0,42.0,4
"CAMBRIDGE B. GDNS, UK",2023-04-18,62.0,45.0,4
"CAMBRIDGE B. GDNS, UK",2023-04-19,60.0,42.0,4
"CAMBRIDGE B. GDNS, UK",2023-04-20,58.0,40.0,4
"CAMBRIDGE B. GDNS, UK",2023-04-21,58.0,42.0,4
"CAMBRIDGE B. GDNS, UK",2023-04-22,58.0,39.0,4
"CAMBRIDGE B. GDNS, UK",2023-04-23,52.0,44.0,4
"CAMBRIDGE B. GDNS, UK",2023-04-24,53.0,40.0,4
"CAMBRIDGE B. GDNS, UK",2023-04-25,54.0,36.0,4
"CAMBRIDGE B. GDNS, UK",2023-04-26,58.0,35.0,4
"CAMBRIDGE B. GDNS, UK",2023-04-27,59.0,43.0,4
"CAMBRIDGE B. GDNS, UK",2023-04-28,66.0,46.0,4
"CAMBRIDGE B. GDNS, UK",2023-04-29,65.0,38.0,4
"CAMBRIDGE B. GDNS, UK",2023-04-30,66.0,44.0,4
"HURN, UK",2023-04-01,53.0,49.0,4
"HURN, UK",2023-04-02,55.0,44.0,4
"HURN, UK",2023-04-03,53.0,29.0,4
"HURN, UK",2023-04-04,53.0,27.0,4
"HURN, UK",2023-04-05,59.0,31.0,4
"HURN, UK",2023-04-06,59.0,45.0,4
"HURN, UK",2023-04-07,56.0,30.0,4
"HURN, UK",2023-04-08,56.0,30.0,4
"HURN, UK",2023-04-09,60.0,36.0,4
"HURN, UK",2023-04-10,54.0,50.0,4
"HURN, UK",2023-04-11,52.0,43.0,4
"HURN, UK",2023-04-12,56.0,40.0,4
"HURN, UK",2023-04-13,49.0,40.0,4
"HURN, UK",2023-04-14,58.0,39.0,4
"HURN, UK",2023-04-15,56.0,38.0,4
"HURN, UK",2023-04-16,61.0,42.0,4
"HURN, UK",2023-04-17,59.0,49.0,4
"HURN, UK",2023-04-18,63.0,39.0,4
"HURN, UK",2023-04-19,62.0,43.0,4
"HURN, UK",2023-04-20,52.0,38.0,4
"HURN, UK",2023-04-21,55.0,38.0,4
"HURN, UK",2023-04-22,59.0,31.0,4
"HURN, UK",2023-04-23,59.0,46.0,4
"HURN, UK",2023-04-24,54.0,36.0,4
"HURN, UK",2023-04-25,55.0,35.0,4
"HURN, UK",2023-04-26,58.0,37.0,4
"HURN, UK",2023-04-27,65.0,46.0,4
"HURN, UK",2023-04-28,60.0,51.0,4
"HURN, UK",2023-04-29,56.0,39.0,4
"HURN, UK",2023-04-30,66.0,35.0,4
"DUNBAR, UK",2023-04-01,48.0,41.0,4
"DUNBAR, UK",2023-04-02,55.0,41.0,4
"DUNBAR, UK",2023-04-03,56.0,34.0,4
"DUNBAR, UK",2023-04-04,57.0,39.0,4
"DUNBAR, UK",2023-04-05,55.0,43.0,4
"DUNBAR, UK",2023-04-06,50.0,45.0,4
"DUNBAR, UK",2023-04-07,51.0,37.0,4
"DUNBAR, UK",2023-04-08,55.0,45.0,4
"DUNBAR, UK",2023-04-09,57.0,44.0,4
"DUNBAR, UK",2023-04-10,56.0,47.0,4
"DUNBAR, UK",2023-04-11,52.0,41.0,4
"DUNBAR, UK",2023-04-12,51.0,38.0,4
"DUNBAR, UK",2023-04-13,55.0,35.0,4
"DUNBAR, UK",2023-04-14,,40.0,4
"DUNBAR, UK",2023-04-15,55.0,36.0,4
"DUNBAR, UK",2023-04-16,59.0,46.0,4
"DUNBAR, UK",2023-04-17,,49.0,4
"DUNBAR, UK",2023-04-18,52.0,40.0,4
"DUNBAR, UK",2023-04-19,50.0,39.0,4
"DUNBAR, UK",2023-04-20,53.0,38.0,4
"DUNBAR, UK",2023-04-21,47.0,44.0,4
"DUNBAR, UK",2023-04-22,47.0,44.0,4
"DUNBAR, UK",2023-04-23,45.0,40.0,4
"DUNBAR, UK",2023-04-24,47.0,41.0,4
"DUNBAR, UK",2023-04-25,51.0,32.0,4
"DUNBAR, UK",2023-04-26,53.0,37.0,4
"DUNBAR, UK",2023-04-27,54.0,41.0,4
"DUNBAR, UK",2023-04-28,49.0,46.0,4
"DUNBAR, UK",2023-04-29,60.0,42.0,4
"DUNBAR, UK",2023-04-30,58.0,42.0,4
"WALLINGFORD, UK",2023-04-01,52.0,,4
"WALLINGFORD, UK",2023-04-02,55.0,,4
"WALLINGFORD, UK",2023-04-03,58.0,,4
"WALLINGFORD, UK",2023-04-04,54.0,,4
"WALLINGFORD, UK",2023-04-05,57.0,,4
"WALLINGFORD, UK",2023-04-06,58.0,,4
"WALLINGFORD, UK",2023-04-07,59.0,,4
"WALLINGFORD, UK",2023-04-08,60.0,,4
"WALLINGFORD, UK",2023-04-09,60.0,,4
"WALLINGFORD, UK",2023-04-10,55.0,,4
"WALLINGFORD, UK",2023-04-11,51.0,,4
"WALLINGFORD, UK",2023-04-12,55.0,,4
"WALLINGFORD, UK",2023-04-13,52.0,,4
"WALLINGFORD, UK",2023-04-14,56.0,,4
"WALLINGFORD, UK",2023-04-15,57.0,,4
"WALLINGFORD, UK",2023-04-16,60.0,,4
"WALLINGFORD, UK",2023-04-17,55.0,,4
"WALLINGFORD, UK",2023-04-19,58.0,,4
"WALLINGFORD, UK",2023-04-20,51.0,,4
"WALLINGFORD, UK",2023-04-21,56.0,,4
"WALLINGFORD, UK",2023-04-22,59.0,,4
"WALLINGFORD, UK",2023-04-23,50.0,,4
"WALLINGFORD, UK",2023-04-24,53.0,,4
"WALLINGFORD, UK",2023-04-25,52.0,,4
"WALLINGFORD, UK",2023-04-26,56.0,,4
"WALLINGFORD, UK",2023-04-27,64.0,,4
"WALLINGFORD, UK",2023-04-28,67.0,,4
"WALLINGFORD, UK",2023-04-29,60.0,,4
"WALLINGFORD, UK",2023-04-30,63.0,,4
"BOSCOMBE DOWN, UK",2023-04-01,52.0,47.0,4
"BOSCOMBE DOWN, UK",2023-04-02,54.0,43.0,4
"BOSCOMBE DOWN, UK",2023-04-03,57.0,33.0,4
"BOSCOMBE DOWN, UK",2023-04-04,53.0,30.0,4
"BOSCOMBE DOWN, UK",2023-04-05,58.0,37.0,4
"BOSCOMBE DOWN, UK",2023-04-06,60.0,45.0,4
"BOSCOMBE DOWN, UK",2023-04-07,58.0,35.0,4
"BOSCOMBE DOWN, UK",2023-04-08,60.0,35.0,4
"BOSCOMBE DOWN, UK",2023-04-09,59.0,38.0,4
"BOSCOMBE DOWN, UK",2023-04-10,53.0,48.0,4
"BOSCOMBE DOWN, UK",2023-04-11,51.0,37.0,4
"BOSCOMBE DOWN, UK",2023-04-12,54.0,36.0,4
"BOSCOMBE DOWN, UK",2023-04-13,49.0,41.0,4
"BOSCOMBE DOWN, UK",2023-04-14,58.0,36.0,4
"BOSCOMBE DOWN, UK",2023-04-15,56.0,36.0,4
"BOSCOMBE DOWN, UK",2023-04-16,60.0,44.0,4
"BOSCOMBE DOWN, UK",2023-04-17,57.0,48.0,4
"BOSCOMBE DOWN, UK",2023-04-18,60.0,43.0,4
"BOSCOMBE DOWN, UK",2023-04-19,59.0,45.0,4
"BOSCOMBE DOWN, UK",2023-04-20,48.0,35.0,4
"BOSCOMBE DOWN, UK",2023-04-21,55.0,40.0,4
"BOSCOMBE DOWN, UK",2023-04-22,58.0,32.0,4
"BOSCOMBE DOWN, UK",2023-04-23,52.0,45.0,4
"BOSCOMBE DOWN, UK",2023-04-24,53.0,39.0,4
"BOSCOMBE DOWN, UK",2023-04-25,54.0,33.0,4
"BOSCOMBE DOWN, UK",2023-04-26,54.0,38.0,4
"BOSCOMBE DOWN, UK",2023-04-27,65.0,40.0,4
"BOSCOMBE DOWN, UK",2023-04-28,66.0,49.0,4
"BOSCOMBE DOWN, UK",2023-04-29,57.0,41.0,4
"BOSCOMBE DOWN, UK",2023-04-30,65.0,39.0,4
"EDINBURGH ROYAL BOTANIC GARDE, UK",2023-04-01,49.0,41.0,4
"EDINBURGH ROYAL BOTANIC GARDE, UK",2023-04-02,51.0,40.0,4
"EDINBURGH ROYAL BOTANIC GARDE, UK",2023-04-03,57.0,31.0,4
"EDINBURGH ROYAL BOTANIC GARDE, UK",2023-04-04,59.0,32.0,4
"EDINBURGH ROYAL BOTANIC GARDE, UK",2023-04-05,57.0,43.0,4
"EDINBURGH ROYAL BOTANIC GARDE, UK",2023-04-06,53.0,44.0,4
"EDINBURGH ROYAL BOTANIC GARDE, UK",2023-04-07,53.0,33.0,4
"EDINBURGH ROYAL BOTANIC GARDE, UK",2023-04-08,58.0,41.0,4
"EDINBURGH ROYAL BOTANIC GARDE, UK",2023-04-09,58.0,39.0,4
"EDINBURGH ROYAL BOTANIC GARDE, UK",2023-04-10,55.0,48.0,4
"EDINBURGH ROYAL BOTANIC GARDE, UK",2023-04-11,54.0,42.0,4
"EDINBURGH ROYAL BOTANIC GARDE, UK",2023-04-12,51.0,38.0,4
"EDINBURGH ROYAL BOTANIC GARDE, UK",2023-04-13,58.0,31.0,4
"EDINBURGH ROYAL BOTANIC GARDE, UK",2023-04-14,53.0,37.0,4
"EDINBURGH ROYAL BOTANIC GARDE, UK",2023-04-15,56.0,33.0,4
"EDINBURGH ROYAL BOTANIC GARDE, UK",2023-04-16,57.0,46.0,4
"EDINBURGH ROYAL BOTANIC GARDE, UK",2023-04-17,50.0,49.0,4
"EDINBURGH ROYAL BOTANIC GARDE, UK",2023-04-18,55.0,41.0,4
"EDINBURGH ROYAL BOTANIC GARDE, UK",2023-04-19,51.0,39.0,4
"EDINBURGH ROYAL BOTANIC GARDE, UK",2023-04-20,53.0,45.0,4
"EDINBURGH ROYAL BOTANIC GARDE, UK",2023-04-21,51.0,43.0,4
"EDINBURGH ROYAL BOTANIC GARDE, UK",2023-04-22,50.0,44.0,4
"EDINBURGH ROYAL BOTANIC GARDE, UK",2023-04-23,47.0,42.0,4
"EDINBURGH ROYAL BOTANIC GARDE, UK",2023-04-24,49.0,38.0,4
"EDINBURGH ROYAL BOTANIC GARDE, UK",2023-04-25,49.0,29.0,4
"EDINBURGH ROYAL BOTANIC GARDE, UK",2023-04-26,52.0,31.0,4
"EDINBURGH ROYAL BOTANIC GARDE, UK",2023-04-27,59.0,40.0,4
"EDINBURGH ROYAL BOTANIC GARDE, UK",2023-04-28,50.0,44.0,4
"EDINBURGH ROYAL BOTANIC GARDE, UK",2023-04-29,59.0,42.0,4
"EDINBURGH ROYAL BOTANIC GARDE, UK",2023-04-30,62.0,43.0,4
"HASTINGS, UK",2023-04-01,52.0,48.0,4
"HASTINGS, UK",2023-04-02,51.0,43.0,4
"HASTINGS, UK",2023-04-03,48.0,38.0,4
"HASTINGS, UK",2023-04-04,52.0,36.0,4
"HASTINGS, UK",2023-04-05,57.0,38.0,4
"HASTINGS, UK",2023-04-06,56.0,45.0,4
"HASTINGS, UK",2023-04-07,51.0,41.0,4
"HASTINGS, UK",2023-04-08,52.0,40.0,4
"HASTINGS, UK",2023-04-09,54.0,42.0,4
"HASTINGS, UK",2023-04-10,53.0,45.0,4
"HASTINGS, UK",2023-04-11,51.0,44.0,4
"HASTINGS, UK",2023-04-12,53.0,43.0,4
"HASTINGS, UK",2023-04-13,49.0,43.0,4
"HASTINGS, UK",2023-04-14,61.0,42.0,4
"HASTINGS, UK",2023-04-15,53.0,44.0,4
"HASTINGS, UK",2023-04-16,56.0,43.0,4
"HASTINGS, UK",2023-04-17,55.0,45.0,4
"HASTINGS, UK",2023-04-18,62.0,44.0,4
"HASTINGS, UK",2023-04-19,57.0,46.0,4
"HASTINGS, UK",2023-04-20,52.0,43.0,4
"HASTINGS, UK",2023-04-21,53.0,42.0,4
"HASTINGS, UK",2023-04-22,55.0,42.0,4
"HASTINGS, UK",2023-04-23,54.0,50.0,4
"HASTINGS, UK",2023-04-24,52.0,42.0,4
"HASTINGS, UK",2023-04-25,53.0,36.0,4
"HASTINGS, UK",2023-04-26,56.0,44.0,4
"HASTINGS, UK",2023-04-27,58.0,47.0,4
"HASTINGS, UK",2023-04-28,56.0,50.0,4
"HASTINGS, UK",2023-04-29,58.0,45.0,4
"HASTINGS, UK",2023-04-30,62.0,45.0,4
"ALICE HOLT LODGE, UK",2023-04-01,51.0,47.0,4
"ALICE HOLT LODGE, UK",2023-04-02,55.0,43.0,4
"ALICE HOLT LODGE, UK",2023-04-03,57.0,28.0,4
"ALICE HOLT LODGE, UK",2023-04-04,55.0,27.0,4
"ALICE HOLT LODGE, UK",2023-04-05,57.0,34.0,4
"ALICE HOLT LODGE, UK",2023-04-06,59.0,44.0,4
"ALICE HOLT LODGE, UK",2023-04-07,60.0,36.0,4
"ALICE HOLT LODGE, UK",2023-04-08,59.0,31.0,4
"ALICE HOLT LODGE, UK",2023-04-09,59.0,35.0,4
"ALICE HOLT LODGE, UK",2023-04-10,54.0,49.0,4
"ALICE HOLT LODGE, UK",2023-04-11,50.0,41.0,4
"ALICE HOLT LODGE, UK",2023-04-12,56.0,39.0,4
"ALICE HOLT LODGE, UK",2023-04-13,48.0,41.0,4
"ALICE HOLT LODGE, UK",2023-04-14,58.0,35.0,4
"ALICE HOLT LODGE, UK",2023-04-15,57.0,42.0,4
"ALICE HOLT LODGE, UK",2023-04-16,63.0,41.0,4
"ALICE HOLT LODGE, UK",2023-04-17,54.0,44.0,4
"ALICE HOLT LODGE, UK",2023-04-18,60.0,40.0,4
"ALICE HOLT LODGE, UK",2023-04-19,60.0,44.0,4
"ALICE HOLT LODGE, UK",2023-04-20,50.0,38.0,4
"ALICE HOLT LODGE, UK",2023-04-21,57.0,42.0,4
"ALICE HOLT LODGE, UK",2023-04-22,57.0,33.0,4
"ALICE HOLT LODGE, UK",2023-04-23,56.0,47.0,4
"ALICE HOLT LODGE, UK",2023-04-24,53.0,38.0,4
"ALICE HOLT LODGE, UK",2023-04-25,56.0,30.0,4
"ALICE HOLT LODGE, UK",2023-04-26,56.0,34.0,4
"ALICE HOLT LODGE, UK",2023-04-27,64.0,37.0,4
"ALICE HOLT LODGE, UK",2023-04-28,64.0,48.0,4
"ALICE HOLT LODGE, UK",2023-04-29,60.0,40.0,4
"ALICE HOLT LODGE, UK",2023-04-30,64.0,39.0,4
"WICK, UK",2023-04-01,48.0,40.0,4
"WICK, UK",2023-04-02,49.0,38.0,4
"WICK, UK",2023-04-03,52.0,42.0,4
"WICK, UK",2023-04-04,53.0,41.0,4
"WICK, UK",2023-04-05,48.0,45.0,4
"WICK, UK",2023-04-06,50.0,45.0,4
"WICK, UK",2023-04-07,49.0,35.0,4
"WICK, UK",2023-04-08,49.0,44.0,4
"WICK, UK",2023-04-09,54.0,43.0,4
"WICK, UK",2023-04-10,52.0,44.0,4
"WICK, UK",2023-04-11,47.0,39.0,4
"WICK, UK",2023-04-12,49.0,41.0,4
"WICK, UK",2023-04-13,49.0,42.0,4
"WICK, UK",2023-04-14,51.0,40.0,4
"WICK, UK",2023-04-15,54.0,35.0,4
"WICK, UK",2023-04-16,52.0,46.0,4
"WICK, UK",2023-04-17,52.0,45.0,4
"WICK, UK",2023-04-18,52.0,44.0,4
"WICK, UK",2023-04-19,52.0,44.0,4
"WICK, UK",2023-04-20,50.0,34.0,4
"WICK, UK",2023-04-21,48.0,40.0,4
"WICK, UK",2023-04-22,44.0,37.0,4
"WICK, UK",2023-04-23,46.0,42.0,4
"WICK, UK",2023-04-24,46.0,36.0,4
"WICK, UK",2023-04-25,46.0,30.0,4
"WICK, UK",2023-04-26,48.0,29.0,4
"WICK, UK",2023-04-27,50.0,29.0,4
"WICK, UK",2023-04-28,47.0,40.0,4
"WICK, UK",2023-04-29,52.0,31.0,4
"WICK, UK",2023-04-30,47.0,41.0,4
"CAMBORNE, UK",2023-04-01,52.0,48.0,4
"CAMBORNE, UK",2023-04-02,51.0,47.0,4
"CAMBORNE, UK",2023-04-03,54.0,43.0,4
"CAMBORNE, UK",2023-04-04,51.0,43.0,4
"CAMBORNE, UK",2023-04-05,54.0,45.0,4
"CAMBORNE, UK",2023-04-06,55.0,47.0,4
"CAMBORNE, UK",2023-04-07,56.0,39.0,4
"CAMBORNE, UK",2023-04-08,56.0,45.0,4
"CAMBORNE, UK",2023-04-09,56.0,47.0,4
"CAMBORNE, UK",2023-04-10,51.0,50.0,4
"CAMBORNE, UK",2023-04-11,51.0,45.0,4
"CAMBORNE, UK",2023-04-12,52.0,40.0,4
"CAMBORNE, UK",2023-04-13,52.0,39.0,4
"CAMBORNE, UK",2023-04-14,55.0,44.0,4
"CAMBORNE, UK",2023-04-15,58.0,47.0,4
"CAMBORNE, UK",2023-04-16,62.0,50.0,4
"CAMBORNE, UK",2023-04-17,55.0,47.0,4
"CAMBORNE, UK",2023-04-18,58.0,46.0,4
"CAMBORNE, UK",2023-04-19,56.0,42.0,4
"CAMBORNE, UK",2023-04-20,55.0,45.0,4
"CAMBORNE, UK",2023-04-21,49.0,39.0,4
"CAMBORNE, UK",2023-04-22,51.0,42.0,4
"CAMBORNE, UK",2023-04-23,53.0,41.0,4
"CAMBORNE, UK",2023-04-24,52.0,43.0,4
"CAMBORNE, UK",2023-04-25,55.0,38.0,4
"CAMBORNE, UK",2023-04-26,57.0,46.0,4
"CAMBORNE, UK",2023-04-27,57.0,49.0,4
"CAMBORNE, UK",2023-04-28,62.0,50.0,4
"CAMBORNE, UK",2023-04-29,59.0,49.0,4
"CAMBORNE, UK",2023-04-30,58.0,51.0,4
"PERSHORE COLLEGE, UK",2023-04-01,52.0,46.0,4
"PERSHORE COLLEGE, UK",2023-04-02,54.0,44.0,4
"PERSHORE COLLEGE, UK",2023-04-03,57.0,30.0,4
"PERSHORE COLLEGE, UK",2023-04-04,53.0,30.0,4
"PERSHORE COLLEGE, UK",2023-04-05,59.0,43.0,4
"PERSHORE COLLEGE, UK",2023-04-06,58.0,45.0,4
"PERSHORE COLLEGE, UK",2023-04-07,60.0,35.0,4
"PERSHORE COLLEGE, UK",2023-04-08,60.0,33.0,4
"PERSHORE COLLEGE, UK",2023-04-09,60.0,39.0,4
"PERSHORE COLLEGE, UK",2023-04-10,55.0,48.0,4
"PERSHORE COLLEGE, UK",2023-04-11,51.0,39.0,4
"PERSHORE COLLEGE, UK",2023-04-12,57.0,36.0,4
"PERSHORE COLLEGE, UK",2023-04-13,50.0,38.0,4
"PERSHORE COLLEGE, UK",2023-04-14,56.0,39.0,4
"PERSHORE COLLEGE, UK",2023-04-15,55.0,36.0,4
"PERSHORE COLLEGE, UK",2023-04-16,60.0,45.0,4
"PERSHORE COLLEGE, UK",2023-04-17,60.0,50.0,4
"PERSHORE COLLEGE, UK",2023-04-18,60.0,43.0,4
"PERSHORE COLLEGE, UK",2023-04-19,60.0,46.0,4
"PERSHORE COLLEGE, UK",2023-04-20,52.0,35.0,4
"PERSHORE COLLEGE, UK",2023-04-21,57.0,38.0,4
"PERSHORE COLLEGE, UK",2023-04-22,56.0,35.0,4
"PERSHORE COLLEGE, UK",2023-04-23,48.0,41.0,4
"PERSHORE COLLEGE, UK",2023-04-24,53.0,40.0,4
"PERSHORE COLLEGE, UK",2023-04-25,54.0,31.0,4
"PERSHORE COLLEGE, UK",2023-04-26,55.0,39.0,4
"PERSHORE COLLEGE, UK",2023-04-27,65.0,40.0,4
"PERSHORE COLLEGE, UK",2023-04-28,68.0,48.0,4
"PERSHORE COLLEGE, UK",2023-04-29,58.0,44.0,4
"PERSHORE COLLEGE, UK",2023-04-30,63.0,47.0,4
"BLACKPOOL SQUIRES GATE, UK",2023-04-01,53.0,42.0,4
"BLACKPOOL SQUIRES GATE, UK",2023-04-02,55.0,45.0,4
"BLACKPOOL SQUIRES GATE, UK",2023-04-03,56.0,31.0,4
"BLACKPOOL SQUIRES GATE, UK",2023-04-04,52.0,34.0,4
"BLACKPOOL SQUIRES GATE, UK",2023-04-05,52.0,40.0,4
"BLACKPOOL SQUIRES GATE, UK",2023-04-06,53.0,47.0,4
"BLACKPOOL SQUIRES GATE, UK",2023-04-07,60.0,40.0,4
"BLACKPOOL SQUIRES GATE, UK",2023-04-08,58.0,35.0,4
"BLACKPOOL SQUIRES GATE, UK",2023-04-09,53.0,43.0,4
"BLACKPOOL SQUIRES GATE, UK",2023-04-10,54.0,49.0,4
"BLACKPOOL SQUIRES GATE, UK",2023-04-11,49.0,45.0,4
"BLACKPOOL SQUIRES GATE, UK",2023-04-12,52.0,40.0,4
"BLACKPOOL SQUIRES GATE, UK",2023-04-13,49.0,40.0,4
"BLACKPOOL SQUIRES GATE, UK",2023-04-14,56.0,36.0,4
"BLACKPOOL SQUIRES GATE, UK",2023-04-15,54.0,32.0,4
"BLACKPOOL SQUIRES GATE, UK",2023-04-16,59.0,46.0,4
"BLACKPOOL SQUIRES GATE, UK",2023-04-17,62.0,46.0,4
"BLACKPOOL SQUIRES GATE, UK",2023-04-18,61.0,42.0,4
"BLACKPOOL SQUIRES GATE, UK",2023-04-19,61.0,42.0,4
"BLACKPOOL SQUIRES GATE, UK",2023-04-20,61.0,40.0,4
"BLACKPOOL SQUIRES GATE, UK",2023-04-21,54.0,41.0,4
"BLACKPOOL SQUIRES GATE, UK",2023-04-22,55.0,46.0,4
"BLACKPOOL SQUIRES GATE, UK",2023-04-23,52.0,46.0,4
"BLACKPOOL SQUIRES GATE, UK",2023-04-24,51.0,43.0,4
"BLACKPOOL SQUIRES GATE, UK",2023-04-25,55.0,29.0,4
"BLACKPOOL SQUIRES GATE, UK",2023-04-26,55.0,39.0,4
"BLACKPOOL SQUIRES GATE, UK",2023-04-27,56.0,40.0,4
"BLACKPOOL SQUIRES GATE, UK",2023-04-28,62.0,46.0,4
"BLACKPOOL SQUIRES GATE, UK",2023-04-29,58.0,44.0,4
"BLACKPOOL SQUIRES GATE, UK",2023-04-30,57.0,52.0,4
"SUTTON BONINGTON, UK",2023-04-01,52.0,44.0,4
"SUTTON BONINGTON, UK",2023-04-02,53.0,42.0,4
"SUTTON BONINGTON, UK",2023-04-03,56.0,28.0,4
"SUTTON BONINGTON, UK",2023-04-04,52.0,27.0,4
"SUTTON BONINGTON, UK",2023-04-05,56.0,43.0,4
"SUTTON BONINGTON, UK",2023-04-06,58.0,47.0,4
"SUTTON BONINGTON, UK",2023-04-07,58.0,33.0,4
"SUTTON BONINGTON, UK",2023-04-08,58.0,33.0,4
"SUTTON BONINGTON, UK",2023-04-09,58.0,39.0,4
"SUTTON BONINGTON, UK",2023-04-10,54.0,47.0,4
"SUTTON BONINGTON, UK",2023-04-11,49.0,39.0,4
"SUTTON BONINGTON, UK",2023-04-12,53.0,38.0,4
"SUTTON BONINGTON, UK",2023-04-13,50.0,41.0,4
"SUTTON BONINGTON, UK",2023-04-14,58.0,34.0,4
"SUTTON BONINGTON, UK",2023-04-15,55.0,42.0,4
"SUTTON BONINGTON, UK",2023-04-16,60.0,40.0,4
"SUTTON BONINGTON, UK",2023-04-17,57.0,48.0,4
"SUTTON BONINGTON, UK",2023-04-18,57.0,44.0,4
"SUTTON BONINGTON, UK",2023-04-19,57.0,44.0,4
"SUTTON BONINGTON, UK",2023-04-20,55.0,38.0,4
"SUTTON BONINGTON, UK",2023-04-21,54.0,45.0,4
"SUTTON BONINGTON, UK",2023-04-22,51.0,40.0,4
"SUTTON BONINGTON, UK",2023-04-23,50.0,46.0,4
"SUTTON BONINGTON, UK",2023-04-24,53.0,39.0,4
"SUTTON BONINGTON, UK",2023-04-25,52.0,31.0,4
"SUTTON BONINGTON, UK",2023-04-26,53.0,37.0,4
"SUTTON BONINGTON, UK",2023-04-27,58.0,37.0,4
"SUTTON BONINGTON, UK",2023-04-28,65.0,45.0,4
"SUTTON BONINGTON, UK",2023-04-29,61.0,41.0,4
"SUTTON BONINGTON, UK",2023-04-30,61.0,51.0,4
"WATTISHAM, UK",2023-04-01,52.0,,4
"WATTISHAM, UK",2023-04-02,50.0,,4
"WATTISHAM, UK",2023-04-03,,30.0,4
"WATTISHAM, UK",2023-04-04,,32.0,4
"WATTISHAM, UK",2023-04-05,54.0,35.0,4
"WATTISHAM, UK",2023-04-06,57.0,,4
"WATTISHAM, UK",2023-04-07,55.0,,4
"WATTISHAM, UK",2023-04-08,,37.0,4
"WATTISHAM, UK",2023-04-09,58.0,,4
"WATTISHAM, UK",2023-04-10,58.0,,4
"WATTISHAM, UK",2023-04-11,57.0,38.0,4
"WATTISHAM, UK",2023-04-12,53.0,,4
"WATTISHAM, UK",2023-04-13,55.0,39.0,4
"WATTISHAM, UK",2023-04-14,54.0,36.0,4
"WATTISHAM, UK",2023-04-15,59.0,43.0,4
"WATTISHAM, UK",2023-04-16,59.0,,4
"WATTISHAM, UK",2023-04-17,58.0,,4
"WATTISHAM, UK",2023-04-18,,42.0,4
"WATTISHAM, UK",2023-04-19,55.0,,4
"WATTISHAM, UK",2023-04-20,57.0,38.0,4
"WATTISHAM, UK",2023-04-21,,41.0,4
"WATTISHAM, UK",2023-04-22,56.0,41.0,4
"WATTISHAM, UK",2023-04-23,57.0,,4
"WATTISHAM, UK",2023-04-24,52.0,,4
"WATTISHAM, UK",2023-04-25,50.0,34.0,4
"WATTISHAM, UK",2023-04-26,51.0,,4
"WATTISHAM, UK",2023-04-27,54.0,44.0,4
"WATTISHAM, UK",2023-04-28,58.0,,4
"WATTISHAM, UK",2023-04-29,60.0,39.0,4
"WATTISHAM, UK",2023-04-30,61.0,44.0,4
"LOSSIEMOUTH, UK",2023-04-01,51.0,39.0,4
"LOSSIEMOUTH, UK",2023-04-02,60.0,37.0,4
"LOSSIEMOUTH, UK",2023-04-03,58.0,36.0,4
"LOSSIEMOUTH, UK",2023-04-04,63.0,36.0,4
"LOSSIEMOUTH, UK",2023-04-05,51.0,46.0,4
"LOSSIEMOUTH, UK",2023-04-06,50.0,46.0,4
"LOSSIEMOUTH, UK",2023-04-07,54.0,33.0,4
"LOSSIEMOUTH, UK",2023-04-08,57.0,43.0,4
"LOSSIEMOUTH, UK",2023-04-09,58.0,39.0,4
"LOSSIEMOUTH, UK",2023-04-10,54.0,45.0,4
"LOSSIEMOUTH, UK",2023-04-11,50.0,38.0,4
"LOSSIEMOUTH, UK",2023-04-12,49.0,39.0,4
"LOSSIEMOUTH, UK",2023-04-13,52.0,37.0,4
"LOSSIEMOUTH, UK",2023-04-14,56.0,34.0,4
"LOSSIEMOUTH, UK",2023-04-15,61.0,32.0,4
"LOSSIEMOUTH, UK",2023-04-16,64.0,43.0,4
"LOSSIEMOUTH, UK",2023-04-17,65.0,48.0,4
"LOSSIEMOUTH, UK",2023-04-18,53.0,47.0,4
"LOSSIEMOUTH, UK",2023-04-19,51.0,37.0,4
"LOSSIEMOUTH, UK",2023-04-20,53.0,32.0,4
"LOSSIEMOUTH, UK",2023-04-21,47.0,31.0,4
"LOSSIEMOUTH, UK",2023-04-22,45.0,38.0,4
"LOSSIEMOUTH, UK",2023-04-23,46.0,44.0,4
"LOSSIEMOUTH, UK",2023-04-24,46.0,38.0,4
"LOSSIEMOUTH, UK",2023-04-25,45.0,34.0,4
"LOSSIEMOUTH, UK",2023-04-26,48.0,29.0,4
"LOSSIEMOUTH, UK",2023-04-27,51.0,38.0,4
"LOSSIEMOUTH, UK",2023-04-28,49.0,41.0,4
"LOSSIEMOUTH, UK",2023-04-29,56.0,41.0,4
"LOSSIEMOUTH, UK",2023-04-30,47.0,43.0,4
"SLAPTON, UK",2023-04-01,55.0,47.0,4
"SLAPTON, UK",2023-04-02,51.0,41.0,4
"SLAPTON, UK",2023-04-03,51.0,42.0,4
"SLAPTON, UK",2023-04-04,52.0,44.0,4
"SLAPTON, UK",2023-04-05,54.0,38.0,4
"SLAPTON, UK",2023-04-06,54.0,43.0,4
"SLAPTON, UK",2023-04-07,54.0,40.0,4
"SLAPTON, UK",2023-04-08,54.0,37.0,4
"SLAPTON, UK",2023-04-09,58.0,46.0,4
"SLAPTON, UK",2023-04-10,54.0,50.0,4
"SLAPTON, UK",2023-04-11,48.0,45.0,4
"SLAPTON, UK",2023-04-12,55.0,40.0,4
"SLAPTON, UK",2023-04-13,56.0,40.0,4
"SLAPTON, UK",2023-04-14,58.0,43.0,4
"SLAPTON, UK",2023-04-15,60.0,38.0,4
"SLAPTON, UK",2023-04-16,54.0,46.0,4
"SLAPTON, UK",2023-04-17,56.0,49.0,4
"SLAPTON, UK",2023-04-18,56.0,46.0,4
"SLAPTON, UK",2023-04-19,56.0,46.0,4
"SLAPTON, UK",2023-04-20,,44.0,4
"SLAPTON, UK",2023-04-21,52.0,44.0,4
"SLAPTON, UK",2023-04-22,55.0,45.0,4
"SLAPTON, UK",2023-04-23,58.0,41.0,4
"SLAPTON, UK",2023-04-24,55.0,37.0,4
"SLAPTON, UK",2023-04-25,54.0,39.0,4
"SLAPTON, UK",2023-04-26,56.0,46.0,4
"SLAPTON, UK",2023-04-27,57.0,49.0,4
"SLAPTON, UK",2023-04-28,58.0,50.0,4
"SLAPTON, UK",2023-04-29,63.0,44.0,4
"SLAPTON, UK",2023-04-30,63.0,50.0,4
"PLYMOUTH MOUNTBATTEN, UK",2023-04-01,60.0,48.0,4
"PLYMOUTH MOUNTBATTEN, UK",2023-04-02,51.0,41.0,4
"PLYMOUTH MOUNTBATTEN, UK",2023-04-03,55.0,41.0,4
"PLYMOUTH MOUNTBATTEN, UK",2023-04-04,52.0,39.0,4
"PLYMOUTH MOUNTBATTEN, UK",2023-04-05,57.0,43.0,4
"PLYMOUTH MOUNTBATTEN, UK",2023-04-06,58.0,46.0,4
"PLYMOUTH MOUNTBATTEN, UK",2023-04-07,58.0,36.0,4
"PLYMOUTH MOUNTBATTEN, UK",2023-04-08,57.0,43.0,4
"PLYMOUTH MOUNTBATTEN, UK",2023-04-09,59.0,45.0,4
"PLYMOUTH MOUNTBATTEN, UK",2023-04-10,51.0,49.0,4
"PLYMOUTH MOUNTBATTEN, UK",2023-04-11,50.0,47.0,4
"PLYMOUTH MOUNTBATTEN, UK",2023-04-12,57.0,42.0,4
"PLYMOUTH MOUNTBATTEN, UK",2023-04-13,57.0,40.0,4
"PLYMOUTH MOUNTBATTEN, UK",2023-04-14,60.0,43.0,4
"PLYMOUTH MOUNTBATTEN, UK",2023-04-15,57.0,38.0,4
"PLYMOUTH MOUNTBATTEN, UK",2023-04-16,63.0,48.0,4
"PLYMOUTH MOUNTBATTEN, UK",2023-04-17,61.0,48.0,4
"PLYMOUTH MOUNTBATTEN, UK",2023-04-18,59.0,47.0,4
"PLYMOUTH MOUNTBATTEN, UK",2023-04-19,59.0,45.0,4
"PLYMOUTH MOUNTBATTEN, UK",2023-04-20,58.0,43.0,4
"PLYMOUTH MOUNTBATTEN, UK",2023-04-21,52.0,42.0,4
"PLYMOUTH MOUNTBATTEN, UK",2023-04-22,54.0,42.0,4
"PLYMOUTH MOUNTBATTEN, UK",2023-04-23,57.0,41.0,4
"PLYMOUTH MOUNTBATTEN, UK",2023-04-24,52.0,39.0,4
"PLYMOUTH MOUNTBATTEN, UK",2023-04-25,56.0,39.0,4
"PLYMOUTH MOUNTBATTEN, UK",2023-04-26,56.0,45.0,4
"PLYMOUTH MOUNTBATTEN, UK",2023-04-27,62.0,49.0,4
"PLYMOUTH MOUNTBATTEN, UK",2023-04-28,61.0,51.0,4
"PLYMOUTH MOUNTBATTEN, UK",2023-04-29,61.0,46.0,4
"PLYMOUTH MOUNTBATTEN, UK",2023-04-30,63.0,50.0,4
"STORNOWAY AIRPORT, UK",2023-04-01,52.0,45.0,4
"STORNOWAY AIRPORT, UK",2023-04-02,53.0,42.0,4
"STORNOWAY AIRPORT, UK",2023-04-03,49.0,46.0,4
"STORNOWAY AIRPORT, UK",2023-04-04,54.0,46.0,4
"STORNOWAY AIRPORT, UK",2023-04-05,51.0,46.0,4
"STORNOWAY AIRPORT, UK",2023-04-06,53.0,43.0,4
"STORNOWAY AIRPORT, UK",2023-04-07,56.0,33.0,4
"STORNOWAY AIRPORT, UK",2023-04-08,53.0,42.0,4
"STORNOWAY AIRPORT, UK",2023-04-09,49.0,47.0,4
"STORNOWAY AIRPORT, UK",2023-04-10,50.0,47.0,4
"STORNOWAY AIRPORT, UK",2023-04-11,47.0,37.0,4
"STORNOWAY AIRPORT, UK",2023-04-12,49.0,43.0,4
"STORNOWAY AIRPORT, UK",2023-04-13,49.0,41.0,4
"STORNOWAY AIRPORT, UK",2023-04-14,53.0,35.0,4
"STORNOWAY AIRPORT, UK",2023-04-15,54.0,35.0,4
"STORNOWAY AIRPORT, UK",2023-04-16,62.0,47.0,4
"STORNOWAY AIRPORT, UK",2023-04-17,63.0,49.0,4
"STORNOWAY AIRPORT, UK",2023-04-18,60.0,47.0,4
"STORNOWAY AIRPORT, UK",2023-04-19,58.0,41.0,4
"STORNOWAY AIRPORT, UK",2023-04-20,54.0,43.0,4
"STORNOWAY AIRPORT, UK",2023-04-21,50.0,41.0,4
"STORNOWAY AIRPORT, UK",2023-04-22,46.0,44.0,4
"STORNOWAY AIRPORT, UK",2023-04-23,45.0,42.0,4
"STORNOWAY AIRPORT, UK",2023-04-24,45.0,36.0,4
"STORNOWAY AIRPORT, UK",2023-04-25,46.0,34.0,4
"STORNOWAY AIRPORT, UK",2023-04-26,49.0,28.0,4
"STORNOWAY AIRPORT, UK",2023-04-27,51.0,40.0,4
"STORNOWAY AIRPORT, UK",2023-04-28,49.0,41.0,4
"STORNOWAY AIRPORT, UK",2023-04-29,53.0,40.0,4
"STORNOWAY AIRPORT, UK",2023-04-30,46.0,44.0,4
"BALMORAL, UK",2023-04-01,50.0,36.0,4
"BALMORAL, UK",2023-04-02,53.0,37.0,4
"BALMORAL, UK",2023-04-03,51.0,27.0,4
"BALMORAL, UK",2023-04-04,56.0,27.0,4
"BALMORAL, UK",2023-04-05,50.0,44.0,4
"BALMORAL, UK",2023-04-06,53.0,42.0,4
"BALMORAL, UK",2023-04-07,48.0,28.0,4
"BALMORAL, UK",2023-04-08,50.0,39.0,4
"BALMORAL, UK",2023-04-09,53.0,32.0,4
"BALMORAL, UK",2023-04-10,52.0,44.0,4
"BALMORAL, UK",2023-04-11,44.0,31.0,4
"BALMORAL, UK",2023-04-12,45.0,35.0,4
"BALMORAL, UK",2023-04-13,50.0,32.0,4
"BALMORAL, UK",2023-04-14,53.0,31.0,4
"BALMORAL, UK",2023-04-15,55.0,30.0,4
"BALMORAL, UK",2023-04-16,60.0,36.0,4
"BALMORAL, UK",2023-04-17,58.0,41.0,4
"BALMORAL, UK",2023-04-18,56.0,35.0,4
"BALMORAL, UK",2023-04-19,57.0,26.0,4
"BALMORAL, UK",2023-04-20,58.0,26.0,4
"BALMORAL, UK",2023-04-21,52.0,25.0,4
"BALMORAL, UK",2023-04-22,43.0,26.0,4
"BALMORAL, UK",2023-04-23,42.0,40.0,4
"BALMORAL, UK",2023-04-24,44.0,33.0,4
"BALMORAL, UK",2023-04-25,46.0,31.0,4
"BALMORAL, UK",2023-04-26,47.0,28.0,4
"BALMORAL, UK",2023-04-27,53.0,34.0,4
"BALMORAL, UK",2023-04-28,45.0,40.0,4
"BALMORAL, UK",2023-04-29,55.0,33.0,4
"BALMORAL, UK",2023-04-30,48.0,36.0,4
"VALLEY, UK",2023-04-01,52.0,47.0,4
"VALLEY, UK",2023-04-02,53.0,44.0,4
"VALLEY, UK",2023-04-03,52.0,37.0,4
"VALLEY, UK",2023-04-04,51.0,37.0,4
"VALLEY, UK",2023-04-05,53.0,47.0,4
"VALLEY, UK",2023-04-06,56.0,45.0,4
"VALLEY, UK",2023-04-07,58.0,36.0,4
"VALLEY, UK",2023-04-08,57.0,41.0,4
"VALLEY, UK",2023-04-09,53.0,42.0,4
"VALLEY, UK",2023-04-10,51.0,49.0,4
"VALLEY, UK",2023-04-11,48.0,44.0,4
"VALLEY, UK",2023-04-12,54.0,38.0,4
"VALLEY, UK",2023-04-13,52.0,41.0,4
"VALLEY, UK",2023-04-14,53.0,41.0,4
"VALLEY, UK",2023-04-15,53.0,39.0,4
"VALLEY, UK",2023-04-16,56.0,47.0,4
"VALLEY, UK",2023-04-17,59.0,49.0,4
"VALLEY, UK",2023-04-18,58.0,44.0,4
"VALLEY, UK",2023-04-19,58.0,45.0,4
"VALLEY, UK",2023-04-20,57.0,42.0,4
"VALLEY, UK",2023-04-21,53.0,45.0,4
"VALLEY, UK",2023-04-22,53.0,43.0,4
"VALLEY, UK",2023-04-23,51.0,42.0,4
"VALLEY, UK",2023-04-24,53.0,44.0,4
"VALLEY, UK",2023-04-25,56.0,35.0,4
"VALLEY, UK",2023-04-26,58.0,43.0,4
"VALLEY, UK",2023-04-27,57.0,45.0,4
"VALLEY, UK",2023-04-28,57.0,50.0,4
"VALLEY, UK",2023-04-29,56.0,49.0,4
"VALLEY, UK",2023-04-30,59.0,49.0,4
"BUDE, UK",2023-04-01,53.0,50.0,4
"BUDE, UK",2023-04-02,54.0,41.0,4
"BUDE, UK",2023-04-03,58.0,39.0,4
"BUDE, UK",2023-04-04,52.0,34.0,4
"BUDE, UK",2023-04-05,54.0,45.0,4
"BUDE, UK",2023-04-06,60.0,49.0,4
"BUDE, UK",2023-04-07,59.0,34.0,4
"BUDE, UK",2023-04-08,59.0,38.0,4
"BUDE, UK",2023-04-09,55.0,44.0,4
"BUDE, UK",2023-04-10,53.0,51.0,4
"BUDE, UK",2023-04-11,51.0,48.0,4
"BUDE, UK",2023-04-12,52.0,38.0,4
"BUDE, UK",2023-04-13,53.0,44.0,4
"BUDE, UK",2023-04-14,54.0,45.0,4
"BUDE, UK",2023-04-15,58.0,38.0,4
"BUDE, UK",2023-04-16,62.0,49.0,4
"BUDE, UK",2023-04-17,60.0,51.0,4
"BUDE, UK",2023-04-18,61.0,44.0,4
"BUDE, UK",2023-04-19,60.0,45.0,4
"BUDE, UK",2023-04-20,54.0,41.0,4
"BUDE, UK",2023-04-21,51.0,41.0,4
"BUDE, UK",2023-04-22,52.0,38.0,4
"BUDE, UK",2023-04-23,53.0,42.0,4
"BUDE, UK",2023-04-24,55.0,45.0,4
"BUDE, UK",2023-04-25,60.0,41.0,4
"BUDE, UK",2023-04-26,58.0,45.0,4
"BUDE, UK",2023-04-27,55.0,49.0,4
"BUDE, UK",2023-04-28,58.0,51.0,4
"BUDE, UK",2023-04-29,56.0,49.0,4
"BUDE, UK",2023-04-30,58.0,52.0,4
"KIRKWALL, UK",2023-04-01,50.0,35.0,4
"KIRKWALL, UK",2023-04-02,48.0,38.0,4
"KIRKWALL, UK",2023-04-03,51.0,41.0,4
"KIRKWALL, UK",2023-04-04,52.0,37.0,4
"KIRKWALL, UK",2023-04-05,49.0,44.0,4
"KIRKWALL, UK",2023-04-06,52.0,44.0,4
"KIRKWALL, UK",2023-04-07,50.0,36.0,4
"KIRKWALL, UK",2023-04-08,49.0,43.0,4
"KIRKWALL, UK",2023-04-09,54.0,42.0,4
"KIRKWALL, UK",2023-04-10,52.0,44.0,4
"KIRKWALL, UK",2023-04-11,49.0,41.0,4
"KIRKWALL, UK",2023-04-12,49.0,41.0,4
"KIRKWALL, UK",2023-04-13,51.0,40.0,4
"KIRKWALL, UK",2023-04-14,51.0,40.0,4
"KIRKWALL, UK",2023-04-15,56.0,39.0,4
"KIRKWALL, UK",2023-04-16,53.0,45.0,4
"KIRKWALL, UK",2023-04-17,54.0,45.0,4
"KIRKWALL, UK",2023-04-18,57.0,42.0,4
"KIRKWALL, UK",2023-04-19,53.0,40.0,4
"KIRKWALL, UK",2023-04-20,52.0,38.0,4
"KIRKWALL, UK",2023-04-21,49.0,38.0,4
"KIRKWALL, UK",2023-04-22,45.0,38.0,4
"KIRKWALL, UK",2023-04-23,44.0,42.0,4
"KIRKWALL, UK",2023-04-24,45.0,37.0,4
"KIRKWALL, UK",2023-04-25,45.0,33.0,4
"KIRKWALL, UK",2023-04-26,48.0,33.0,4
"KIRKWALL, UK",2023-04-27,49.0,32.0,4
"KIRKWALL, UK",2023-04-28,46.0,40.0,4
"KIRKWALL, UK",2023-04-29,52.0,32.0,4
"KIRKWALL, UK",2023-04-30,46.0,34.0,4
"KINLOSS, UK",2023-04-01,53.0,34.0,4
"KINLOSS, UK",2023-04-02,60.0,36.0,4
"KINLOSS, UK",2023-04-03,58.0,31.0,4
"KINLOSS, UK",2023-04-04,62.0,40.0,4
"KINLOSS, UK",2023-04-05,53.0,48.0,4
"KINLOSS, UK",2023-04-06,54.0,45.0,4
"KINLOSS, UK",2023-04-07,56.0,33.0,4
"KINLOSS, UK",2023-04-08,58.0,33.0,4
"KINLOSS, UK",2023-04-09,58.0,40.0,4
"KINLOSS, UK",2023-04-10,55.0,45.0,4
"KINLOSS, UK",2023-04-11,52.0,39.0,4
"KINLOSS, UK",2023-04-12,51.0,40.0,4
"KINLOSS, UK",2023-04-13,53.0,35.0,4
"KINLOSS, UK",2023-04-14,58.0,34.0,4
"KINLOSS, UK",2023-04-15,59.0,29.0,4
"KINLOSS, UK",2023-04-16,64.0,45.0,4
"KINLOSS, UK",2023-04-17,66.0,45.0,4
"KINLOSS, UK",2023-04-18,62.0,44.0,4
"KINLOSS, UK",2023-04-19,56.0,34.0,4
"KINLOSS, UK",2023-04-20,56.0,31.0,4
"KINLOSS, UK",2023-04-21,48.0,27.0,4
"KINLOSS, UK",2023-04-22,45.0,38.0,4
"KINLOSS, UK",2023-04-23,47.0,44.0,4
"KINLOSS, UK",2023-04-24,47.0,38.0,4
"KINLOSS, UK",2023-04-25,47.0,36.0,4
"KINLOSS, UK",2023-04-26,48.0,27.0,4
"KINLOSS, UK",2023-04-27,51.0,32.0,4
"KINLOSS, UK",2023-04-28,51.0,42.0,4
"KINLOSS, UK",2023-04-29,56.0,40.0,4
"KINLOSS, UK",2023-04-30,49.0,42.0,4
"LOUGH NAVAR FOREST, UK",2023-04-01,53.0,47.0,4
"LOUGH NAVAR FOREST, UK",2023-04-02,53.0,32.0,4
"LOUGH NAVAR FOREST, UK",2023-04-03,53.0,38.0,4
"LOUGH NAVAR FOREST, UK",2023-04-04,54.0,44.0,4
"LOUGH NAVAR FOREST, UK",2023-04-05,52.0,,4
"LOUGH NAVAR FOREST, UK",2023-04-06,58.0,33.0,4
"LOUGH NAVAR FOREST, UK",2023-04-07,56.0,27.0,4
"LOUGH NAVAR FOREST, UK",2023-04-08,54.0,41.0,4
"LOUGH NAVAR FOREST, UK",2023-04-09,50.0,45.0,4
"LOUGH NAVAR FOREST, UK",2023-04-10,43.0,40.0,4
"LOUGH NAVAR FOREST, UK",2023-04-11,47.0,32.0,4
"LOUGH NAVAR FOREST, UK",2023-04-12,51.0,33.0,4
"LOUGH NAVAR FOREST, UK",2023-04-13,53.0,37.0,4
"LOUGH NAVAR FOREST, UK",2023-04-14,53.0,26.0,4
"LOUGH NAVAR FOREST, UK",2023-04-15,64.0,27.0,4
"LOUGH NAVAR FOREST, UK",2023-04-16,62.0,45.0,4
"LOUGH NAVAR FOREST, UK",2023-04-17,61.0,44.0,4
"LOUGH NAVAR FOREST, UK",2023-04-18,54.0,49.0,4
"LOUGH NAVAR FOREST, UK",2023-04-19,58.0,32.0,4
"LOUGH NAVAR FOREST, UK",2023-04-20,63.0,31.0,4
"LOUGH NAVAR FOREST, UK",2023-04-21,47.0,31.0,4
"LOUGH NAVAR FOREST, UK",2023-04-22,52.0,44.0,4
"LOUGH NAVAR FOREST, UK",2023-04-23,50.0,33.0,4
"LOUGH NAVAR FOREST, UK",2023-04-24,53.0,39.0,4
"LOUGH NAVAR FOREST, UK",2023-04-25,54.0,25.0,4
"LOUGH NAVAR FOREST, UK",2023-04-26,54.0,39.0,4
"LOUGH NAVAR FOREST, UK",2023-04-27,61.0,44.0,4
"LOUGH NAVAR FOREST, UK",2023-04-28,63.0,,4
"LOUGH NAVAR FOREST, UK",2023-04-29,58.0,43.0,4
"LOUGH NAVAR FOREST, UK",2023-04-30,55.0,52.0,4
"STORMONT CASTLE, UK",2023-04-01,54.0,44.0,4
"STORMONT CASTLE, UK",2023-04-02,49.0,44.0,4
"STORMONT CASTLE, UK",2023-04-03,54.0,40.0,4
"STORMONT CASTLE, UK",2023-04-04,57.0,41.0,4
"STORMONT CASTLE, UK",2023-04-05,57.0,47.0,4
"STORMONT CASTLE, UK",2023-04-06,54.0,42.0,4
"STORMONT CASTLE, UK",2023-04-07,56.0,37.0,4
"STORMONT CASTLE, UK",2023-04-08,53.0,41.0,4
"STORMONT CASTLE, UK",2023-04-09,53.0,46.0,4
"STORMONT CASTLE, UK",2023-04-10,48.0,45.0,4
"STORMONT CASTLE, UK",2023-04-11,47.0,37.0,4
"STORMONT CASTLE, UK",2023-04-12,54.0,34.0,4
"STORMONT CASTLE, UK",2023-04-13,53.0,39.0,4
"STORMONT CASTLE, UK",2023-04-14,54.0,35.0,4
"STORMONT CASTLE, UK",2023-04-15,59.0,37.0,4
"STORMONT CASTLE, UK",2023-04-16,53.0,45.0,4
"STORMONT CASTLE, UK",2023-04-17,58.0,46.0,4
"STORMONT CASTLE, UK",2023-04-18,58.0,46.0,4
"STORMONT CASTLE, UK",2023-04-19,58.0,43.0,4
"STORMONT CASTLE, UK",2023-04-20,64.0,43.0,4
"STORMONT CASTLE, UK",2023-04-21,47.0,43.0,4
"STORMONT CASTLE, UK",2023-04-22,56.0,45.0,4
"STORMONT CASTLE, UK",2023-04-23,52.0,41.0,4
"STORMONT CASTLE, UK",2023-04-24,48.0,40.0,4
"STORMONT CASTLE, UK",2023-04-25,51.0,35.0,4
"STORMONT CASTLE, UK",2023-04-26,53.0,42.0,4
"STORMONT CASTLE, UK",2023-04-27,59.0,44.0,4
"STORMONT CASTLE, UK",2023-04-28,54.0,47.0,4
"STORMONT CASTLE, UK",2023-04-29,62.0,49.0,4
"STORMONT CASTLE, UK",2023-04-30,61.0,49.0,4
"KEELE, UK",2023-04-01,53.0,42.0,4
"KEELE, UK",2023-04-02,51.0,42.0,4
"KEELE, UK",2023-04-03,54.0,32.0,4
"KEELE, UK",2023-04-04,48.0,31.0,4
"KEELE, UK",2023-04-05,51.0,42.0,4
"KEELE, UK",2023-04-06,56.0,44.0,4
"KEELE, UK",2023-04-07,58.0,35.0,4
"KEELE, UK",2023-04-08,55.0,39.0,4
"KEELE, UK",2023-04-09,55.0,39.0,4
"KEELE, UK",2023-04-10,51.0,43.0,4
"KEELE, UK",2023-04-11,47.0,37.0,4
"KEELE, UK",2023-04-12,52.0,35.0,4
"KEELE, UK",2023-04-13,46.0,39.0,4
"KEELE, UK",2023-04-14,54.0,36.0,4
"KEELE, UK",2023-04-15,52.0,35.0,4
"KEELE, UK",2023-04-16,56.0,44.0,4
"KEELE, UK",2023-04-17,59.0,44.0,4
"KEELE, UK",2023-04-18,58.0,40.0,4
"KEELE, UK",2023-04-19,58.0,43.0,4
"KEELE, UK",2023-04-20,53.0,38.0,4
"KEELE, UK",2023-04-21,53.0,43.0,4
"KEELE, UK",2023-04-22,51.0,37.0,4
"KEELE, UK",2023-04-23,50.0,44.0,4
"KEELE, UK",2023-04-24,51.0,40.0,4
"KEELE, UK",2023-04-25,53.0,31.0,4
"KEELE, UK",2023-04-26,50.0,39.0,4
"KEELE, UK",2023-04-27,58.0,41.0,4
"KEELE, UK",2023-04-28,63.0,44.0,4
"KEELE, UK",2023-04-29,56.0,47.0,4
"KEELE, UK",2023-04-30,57.0,49.0,4
"HILLSBOROUGH, UK",2023-04-01,51.0,43.0,4
"HILLSBOROUGH, UK",2023-04-02,50.0,43.0,4
"HILLSBOROUGH, UK",2023-04-03,54.0,42.0,4
"HILLSBOROUGH, UK",2023-04-04,56.0,42.0,4
"HILLSBOROUGH, UK",2023-04-05,52.0,44.0,4
"HILLSBOROUGH, UK",2023-04-06,52.0,40.0,4
"HILLSBOROUGH, UK",2023-04-07,54.0,,4
"HILLSBOROUGH, UK",2023-04-08,52.0,,4
"HILLSBOROUGH, UK",2023-04-09,52.0,45.0,4
"HILLSBOROUGH, UK",2023-04-10,47.0,44.0,4
"HILLSBOROUGH, UK",2023-04-11,46.0,33.0,4
"HILLSBOROUGH, UK",2023-04-12,53.0,33.0,4
"HILLSBOROUGH, UK",2023-04-13,52.0,,4
"HILLSBOROUGH, UK",2023-04-14,54.0,33.0,4
"HILLSBOROUGH, UK",2023-04-15,60.0,,4
"HILLSBOROUGH, UK",2023-04-16,55.0,,4
"HILLSBOROUGH, UK",2023-04-17,52.0,44.0,4
"HILLSBOROUGH, UK",2023-04-18,,45.0,4
"HILLSBOROUGH, UK",2023-04-19,,42.0,4
"HILLSBOROUGH, UK",2023-04-30,59.0,,4
"KINLOCHEWE, UK",2023-04-01,53.0,40.0,4
"KINLOCHEWE, UK",2023-04-02,61.0,40.0,4
"KINLOCHEWE, UK",2023-04-03,58.0,33.0,4
"KINLOCHEWE, UK",2023-04-04,56.0,42.0,4
"KINLOCHEWE, UK",2023-04-05,52.0,49.0,4
"KINLOCHEWE, UK",2023-04-06,60.0,43.0,4
"KINLOCHEWE, UK",2023-04-07,63.0,32.0,4
"KINLOCHEWE, UK",2023-04-08,58.0,32.0,4
"KINLOCHEWE, UK",2023-04-09,49.0,46.0,4
"KINLOCHEWE, UK",2023-04-10,54.0,43.0,4
"KINLOCHEWE, UK",2023-04-11,47.0,35.0,4
"KINLOCHEWE, UK",2023-04-12,51.0,40.0,4
"KINLOCHEWE, UK",2023-04-13,54.0,37.0,4
"KINLOCHEWE, UK",2023-04-14,60.0,34.0,4
"KINLOCHEWE, UK",2023-04-15,62.0,31.0,4
"KINLOCHEWE, UK",2023-04-16,70.0,45.0,4
"KINLOCHEWE, UK",2023-04-17,70.0,45.0,4
"KINLOCHEWE, UK",2023-04-18,64.0,51.0,4
"KINLOCHEWE, UK",2023-04-19,64.0,38.0,4
"KINLOCHEWE, UK",2023-04-20,65.0,34.0,4
"KINLOCHEWE, UK",2023-04-21,57.0,35.0,4
"KINLOCHEWE, UK",2023-04-22,49.0,34.0,4
"KINLOCHEWE, UK",2023-04-23,47.0,44.0,4
"KINLOCHEWE, UK",2023-04-24,47.0,33.0,4
"KINLOCHEWE, UK",2023-04-25,53.0,32.0,4
"KINLOCHEWE, UK",2023-04-26,47.0,26.0,4
"KINLOCHEWE, UK",2023-04-27,54.0,37.0,4
"KINLOCHEWE, UK",2023-04-28,55.0,41.0,4
"KINLOCHEWE, UK",2023-04-29,56.0,41.0,4
"KINLOCHEWE, UK",2023-04-30,53.0,43.0,4
"MONKS WOOD, UK",2023-04-01,50.0,44.0,4
"MONKS WOOD, UK",2023-04-02,54.0,42.0,4
"MONKS WOOD, UK",2023-04-03,56.0,28.0,4
"MONKS WOOD, UK",2023-04-04,56.0,26.0,4
"MONKS WOOD, UK",2023-04-05,59.0,36.0,4
"MONKS WOOD, UK",2023-04-06,57.0,45.0,4
"MONKS WOOD, UK",2023-04-07,57.0,36.0,4
"MONKS WOOD, UK",2023-04-08,60.0,32.0,4
"MONKS WOOD, UK",2023-04-09,59.0,42.0,4
"MONKS WOOD, UK",2023-04-10,57.0,46.0,4
"MONKS WOOD, UK",2023-04-11,52.0,40.0,4
"MONKS WOOD, UK",2023-04-12,57.0,38.0,4
"MONKS WOOD, UK",2023-04-13,52.0,39.0,4
"MONKS WOOD, UK",2023-04-14,59.0,36.0,4
"MONKS WOOD, UK",2023-04-15,60.0,43.0,4
"MONKS WOOD, UK",2023-04-16,62.0,40.0,4
"MONKS WOOD, UK",2023-04-17,59.0,46.0,4
"MONKS WOOD, UK",2023-04-18,61.0,42.0,4
"MONKS WOOD, UK",2023-04-19,58.0,38.0,4
"MONKS WOOD, UK",2023-04-20,56.0,36.0,4
"MONKS WOOD, UK",2023-04-21,58.0,37.0,4
"MONKS WOOD, UK",2023-04-22,58.0,39.0,4
"MONKS WOOD, UK",2023-04-23,53.0,46.0,4
"MONKS WOOD, UK",2023-04-24,52.0,39.0,4
"MONKS WOOD, UK",2023-04-25,53.0,31.0,4
"MONKS WOOD, UK",2023-04-26,54.0,35.0,4
"MONKS WOOD, UK",2023-04-27,57.0,36.0,4
"MONKS WOOD, UK",2023-04-28,64.0,45.0,4
"MONKS WOOD, UK",2023-04-29,64.0,35.0,4
"MONKS WOOD, UK",2023-04-30,64.0,45.0,4
"MANSTON, UK",2023-04-01,48.0,46.0,4
"MANSTON, UK",2023-04-02,49.0,43.0,4
"MANSTON, UK",2023-04-03,48.0,37.0,4
"MANSTON, UK",2023-04-04,54.0,34.0,4
"MANSTON, UK",2023-04-05,57.0,34.0,4
"MANSTON, UK",2023-04-06,55.0,45.0,4
"MANSTON, UK",2023-04-07,51.0,43.0,4
"MANSTON, UK",2023-04-08,53.0,38.0,4
"MANSTON, UK",2023-04-09,58.0,40.0,4
"MANSTON, UK",2023-04-10,57.0,47.0,4
"MANSTON, UK",2023-04-11,52.0,42.0,4
"MANSTON, UK",2023-04-12,56.0,42.0,4
"MANSTON, UK",2023-04-13,52.0,42.0,4
"MANSTON, UK",2023-04-14,55.0,38.0,4
"MANSTON, UK",2023-04-15,55.0,45.0,4
"MANSTON, UK",2023-04-16,50.0,39.0,4
"MANSTON, UK",2023-04-17,51.0,43.0,4
"MANSTON, UK",2023-04-18,55.0,44.0,4
"MANSTON, UK",2023-04-19,52.0,47.0,4
"MANSTON, UK",2023-04-20,51.0,44.0,4
"MANSTON, UK",2023-04-21,57.0,43.0,4
"MANSTON, UK",2023-04-22,52.0,40.0,4
"MANSTON, UK",2023-04-23,53.0,46.0,4
"MANSTON, UK",2023-04-24,50.0,45.0,4
"MANSTON, UK",2023-04-25,51.0,40.0,4
"MANSTON, UK",2023-04-26,59.0,36.0,4
"MANSTON, UK",2023-04-27,63.0,44.0,4
"MANSTON, UK",2023-04-28,55.0,49.0,4
"MANSTON, UK",2023-04-29,60.0,47.0,4
"MANSTON, UK",2023-04-30,62.0,43.0,4
"MORECAMBE NUMBER 2, UK",2023-04-01,55.0,42.0,4
"MORECAMBE NUMBER 2, UK",2023-04-02,56.0,45.0,4
"MORECAMBE NUMBER 2, UK",2023-04-03,57.0,34.0,4
"MORECAMBE NUMBER 2, UK",2023-04-04,51.0,40.0,4
"MORECAMBE NUMBER 2, UK",2023-04-05,52.0,44.0,4
"MORECAMBE NUMBER 2, UK",2023-04-06,53.0,47.0,4
"MORECAMBE NUMBER 2, UK",2023-04-07,57.0,36.0,4
"MORECAMBE NUMBER 2, UK",2023-04-08,58.0,39.0,4
"MORECAMBE NUMBER 2, UK",2023-04-09,51.0,46.0,4
"MORECAMBE NUMBER 2, UK",2023-04-10,54.0,49.0,4
"MORECAMBE NUMBER 2, UK",2023-04-11,48.0,45.0,4
"MORECAMBE NUMBER 2, UK",2023-04-12,53.0,40.0,4
"MORECAMBE NUMBER 2, UK",2023-04-13,50.0,40.0,4
"MORECAMBE NUMBER 2, UK",2023-04-14,54.0,41.0,4
"MORECAMBE NUMBER 2, UK",2023-04-15,56.0,37.0,4
"MORECAMBE NUMBER 2, UK",2023-04-16,60.0,45.0,4
"MORECAMBE NUMBER 2, UK",2023-04-17,61.0,49.0,4
"MORECAMBE NUMBER 2, UK",2023-04-18,60.0,43.0,4
"MORECAMBE NUMBER 2, UK",2023-04-19,59.0,44.0,4
"MORECAMBE NUMBER 2, UK",2023-04-20,60.0,42.0,4
"MORECAMBE NUMBER 2, UK",2023-04-21,53.0,46.0,4
"MORECAMBE NUMBER 2, UK",2023-04-22,56.0,47.0,4
"MORECAMBE NUMBER 2, UK",2023-04-23,51.0,44.0,4
"MORECAMBE NUMBER 2, UK",2023-04-24,51.0,43.0,4
"MORECAMBE NUMBER 2, UK",2023-04-25,55.0,33.0,4
"MORECAMBE NUMBER 2, UK",2023-04-26,56.0,39.0,4
"MORECAMBE NUMBER 2, UK",2023-04-27,56.0,42.0,4
"MORECAMBE NUMBER 2, UK",2023-04-28,61.0,47.0,4
"MORECAMBE NUMBER 2, UK",2023-04-29,58.0,48.0,4
"MORECAMBE NUMBER 2, UK",2023-04-30,60.0,53.0,4
